"Post ID","Account ID","Account username","Account name",Description,"Duration (sec)","Publish time",Permalink,"Post type","Data comment",Date,Views,Reach,Likes,Shares,"Profile visits",Replies,Navigation,"Sticker taps","Link clicks"
18080138659896015,17841402627774708,atu_business,"ATU LeMoyne Smith School of Business","come trick or treat TODAY from 1-3PM on Rothwell 4th floor! bring your own bag!
costumes encouraged but not required 👻",20,"10/31/2025 09:08",,"IG story",,Lifetime,1551,1095,6,0,1,0,253,,
18057511727267450,17841402627774708,atu_business,"ATU LeMoyne Smith School of Business","Tell us what influences you and keeps you coming back to ATU! 100% anonymous Student Survey!",0,"10/31/2025 08:54",,"IG story",,Lifetime,281,231,3,0,,0,254,,3
17970849443806434,17841402627774708,atu_business,"ATU LeMoyne Smith School of Business",,3,"10/30/2025 14:33",,"IG story",,Lifetime,304,228,1,0,,0,227,14,
18071798693192525,17841402627774708,atu_business,"ATU LeMoyne Smith School of Business",,0,"10/30/2025 12:42",,"IG story",,Lifetime,295,242,1,0,3,0,268,,
18202756984316971,17841402627774708,atu_business,"ATU LeMoyne Smith School of Business","WHO CAN SAY NO TO CANDY  #TRICKORTREAT #COLA2025",8,"10/30/2025 10:18",,"IG story",,Lifetime,468,371,1,0,2,0,290,,
18065116061379374,17841402627774708,atu_business,"ATU LeMoyne Smith School of Business","& WE CAN’T FORGET ABOUT OUR ACADEMIC ADVISING TEAM",0,"10/30/2025 10:11",,"IG story",,Lifetime,327,262,1,0,,0,307,,
17902856322296784,17841402627774708,atu_business,"ATU LeMoyne Smith School of Business",,0,"10/30/2025 10:08",,"IG story",,Lifetime,326,263,0,0,,0,298,,
18078907697512321,17841402627774708,atu_business,"ATU LeMoyne Smith School of Business","Cant forget about our beloved ATU student  CANDY + BU$INE$$ BUCKS",0,"10/30/2025 10:06",,"IG story",,Lifetime,347,269,1,0,,0,319,,
18143838967436241,17841402627774708,atu_business,"ATU LeMoyne Smith School of Business","Cash cow saying hi to FCCLA student I think the crowd was a bit confused 🤭🐄💵",5,"10/30/2025 09:35",,"IG story",,Lifetime,360,272,2,0,,0,251,,
17919229680190552,17841402627774708,atu_business,"ATU LeMoyne Smith School of Business",@fccla_makinzee.may,0,"10/30/2025 08:52",,"IG story",,Lifetime,360,284,3,0,2,0,339,4,
18092664817894909,17841402627774708,atu_business,"ATU LeMoyne Smith School of Business","Shoutout group 7!! #cola2025",0,"10/30/2025 08:50",,"IG story",,Lifetime,694,486,4,0,,0,359,,
18057143993257249,17841402627774708,atu_business,"ATU LeMoyne Smith School of Business","Group 3 & 8 looking good 🤩✍️",0,"10/30/2025 08:12",,"IG story",,Lifetime,705,486,3,0,1,0,348,,
18010836605636579,17841402627774708,atu_business,"ATU LeMoyne Smith School of Business","The awesome ATU FCCLA exec board + president Jones @atuedandhealth  @arkansasfccla",0,"10/30/2025 07:40",,"IG story",,Lifetime,1929,1294,3,0,1,0,342,4,
17904782316271247,17841402627774708,atu_business,"ATU LeMoyne Smith School of Business","#cola2025  Let Begin! @atuedandhealth @arkansasfccla",3,"10/30/2025 07:35",,"IG story",,Lifetime,1883,1335,2,0,,0,303,2,
17911821492250345,17841402627774708,atu_business,"ATU LeMoyne Smith School of Business","Check In FCCLA",0,"10/30/2025 07:14",,"IG story",,Lifetime,784,539,1,0,,0,367,,
18094933990812627,17841402627774708,atu_business,"ATU LeMoyne Smith School of Business","Check In FCCLA",0,"10/30/2025 07:09",,"IG story",,Lifetime,2046,1438,5,0,6,0,362,,
17847115095594593,17841402627774708,atu_business,"ATU LeMoyne Smith School of Business","Career connection at noon! Free Pasta Grill for lunch 🍝",0,"10/29/2025 09:48",,"IG story",,Lifetime,415,315,2,1,1,0,369,,
18062989850572196,17841402627774708,atu_business,"ATU LeMoyne Smith School of Business",,0,"10/29/2025 09:15",https://instagram.com/stories/atu_business/3754191436099971592,"IG story",,Lifetime,404,327,2,0,,0,374,,
18052256783653352,17841402627774708,atu_business,"ATU LeMoyne Smith School of Business","Project LEAD Luncheon
Happening now in Rothwell 138!",0,"10/29/2025 09:09",,"IG story",,Lifetime,501,374,4,0,,0,385,,
17863934919501542,17841402627774708,atu_business,"ATU LeMoyne Smith School of Business","Accounting Club Bake Sale
Everything is $1
Cashapp accepted!
👻",0,"10/29/2025 07:12",,"IG story",,Lifetime,2489,1763,6,0,,0,373,,
18160149928387535,17841402627774708,atu_business,"ATU LeMoyne Smith School of Business",,0,"10/28/2025 14:55",https://instagram.com/stories/atu_business/3753637949427494597,"IG story",,Lifetime,352,278,3,0,,0,313,,
18077762699152264,17841402627774708,atu_business,"ATU LeMoyne Smith School of Business",,0,"10/28/2025 12:32",https://instagram.com/stories/atu_business/3753566086580302679,"IG story",,Lifetime,347,275,3,0,1,0,307,4,
17951785920040064,17841402627774708,atu_business,"ATU LeMoyne Smith School of Business",,0,"10/28/2025 10:17",https://instagram.com/stories/atu_business/3753498054860277258,"IG story",,Lifetime,332,267,4,1,,0,309,,
17948030109024045,17841402627774708,atu_business,"ATU LeMoyne Smith School of Business",,0,"10/28/2025 10:16",https://instagram.com/stories/atu_business/3753497692606687494,"IG story",,Lifetime,336,272,4,0,,0,312,,
17990035721894002,17841402627774708,atu_business,"ATU LeMoyne Smith School of Business",,0,"10/28/2025 10:07",https://instagram.com/stories/atu_business/3753493194173645668,"IG story",,Lifetime,352,281,2,0,,0,316,,
17977391402780114,17841402627774708,atu_business,"ATU LeMoyne Smith School of Business","Students connecting with professors! Love to see it 😊",0,"10/28/2025 09:45",https://instagram.com/stories/atu_business/3753481662379195965,"IG story",,Lifetime,344,285,3,0,,0,300,,
17954479518008894,17841402627774708,atu_business,"ATU LeMoyne Smith School of Business","Charms & Bouquets  #toft2025",0,"10/28/2025 08:48",https://instagram.com/stories/atu_business/3753452977953509242,"IG story",,Lifetime,338,285,4,0,,0,301,,
18089254309810086,17841402627774708,atu_business,"ATU LeMoyne Smith School of Business","Everything’s better in feather boas 🕺💃🪩",20,"10/28/2025 08:25",https://instagram.com/stories/atu_business/3753441573456440464,"IG story",,Lifetime,352,288,2,0,,0,325,,
18092436688852995,17841402627774708,atu_business,"ATU LeMoyne Smith School of Business","Hundreds of students coming in 🤩",0,"10/28/2025 08:22",https://instagram.com/stories/atu_business/3753440237327343977,"IG story",,Lifetime,386,293,3,3,,0,334,,
18155179243366820,17841402627774708,atu_business,"ATU LeMoyne Smith School of Business","WE’RE READYYY  #TOFT",20,"10/28/2025 08:03",https://instagram.com/stories/atu_business/3753430596576984125,"IG story",,Lifetime,410,296,4,1,,0,364,,
17853176055563974,17841402627774708,atu_business,"ATU LeMoyne Smith School of Business","ATU COBED is waiting for you in Rothwell 💚💛 #TOFT2025",0,"10/28/2025 07:17",https://instagram.com/stories/atu_business/3753407455184154458,"IG story",,Lifetime,2517,1626,10,1,2,0,315,,
18190805638332559,17841402627774708,atu_business,"ATU LeMoyne Smith School of Business",,60,"10/27/2025 21:32",,"IG story",,Lifetime,326,259,5,0,1,0,281,,
18099900880736751,17841402627774708,atu_business,"ATU LeMoyne Smith School of Business",,5,"10/27/2025 07:33",,"IG story",,Lifetime,275,222,3,0,,0,229,,
17906224203127430,17841402627774708,atu_business,"ATU LeMoyne Smith School of Business","@atuagriculture_tourism  has the burgers  YUMM!!",0,"10/25/2025 11:49",,"IG story",,Lifetime,581,441,6,0,1,0,351,2,
17854046772511711,17841402627774708,atu_business,"ATU LeMoyne Smith School of Business","Rain ain’t stopping banana",0,"10/25/2025 11:36",,"IG story",,Lifetime,391,320,4,0,,0,375,,
18371619640156014,17841402627774708,atu_business,"ATU LeMoyne Smith School of Business","Professor Cass won earrings!! 😱 @leeannsfinejewelry",0,"10/25/2025 11:31",,"IG story",,Lifetime,395,322,4,0,1,0,373,6,
17928684615120465,17841402627774708,atu_business,"ATU LeMoyne Smith School of Business","S’mores station @atutourismsociety  Say no more 🤝",5,"10/25/2025 11:28",,"IG story",,Lifetime,399,325,4,0,,0,353,3,
17919249687056461,17841402627774708,atu_business,"ATU LeMoyne Smith School of Business","Come gets some free Pom Poms!! Get ready to cheer our Wonderboys",3,"10/25/2025 11:24",,"IG story",,Lifetime,392,328,2,0,,0,289,,
17966595305974867,17841402627774708,atu_business,"ATU LeMoyne Smith School of Business","We’ve got the treats!",4,"10/25/2025 11:10",,"IG story",,Lifetime,396,330,5,0,,0,354,,
18394325698125169,17841402627774708,atu_business,"ATU LeMoyne Smith School of Business","Tailgate with us!",0,"10/25/2025 11:08",,"IG story",,Lifetime,428,349,8,0,,0,366,,
17984743397907111,17841402627774708,atu_business,"ATU LeMoyne Smith School of Business",,15,"10/24/2025 12:06",,"IG story",,Lifetime,238,194,1,0,,0,216,,
18105512938622699,17841402627774708,atu_business,"ATU LeMoyne Smith School of Business","the best way to spend a rainy day is by supporting local businesses ☕️ stop by natural state to try their halloween menu! it’s scary good 👻",20,"10/24/2025 10:06",,"IG story",,Lifetime,894,704,1,0,,0,253,,
18105747622533984,17841402627774708,atu_business,"ATU LeMoyne Smith School of Business",,5,"10/23/2025 17:41",,"IG story",,Lifetime,374,277,7,0,,0,308,4,
18023925281761149,17841402627774708,atu_business,"ATU LeMoyne Smith School of Business",,0,"10/23/2025 12:30",,"IG story",,Lifetime,359,265,4,0,1,0,330,,
17928993342107071,17841402627774708,atu_business,"ATU LeMoyne Smith School of Business","We <3 our friends at @atulibrary  ATU librarian, Angela Black, stopped by Principles of Marketing to teach students about our library research resources!!",0,"10/23/2025 11:42",,"IG story",,Lifetime,399,285,4,0,,0,335,3,
18061176767446968,17841402627774708,atu_business,"ATU LeMoyne Smith School of Business","We ❤️ Jerry",0,"10/23/2025 09:29",,"IG story",,Lifetime,363,262,9,0,,0,340,,
18094352650631303,17841402627774708,atu_business,"ATU LeMoyne Smith School of Business","IT’S JERRY DAY  @arkansastechjerry",3,"10/23/2025 09:24",,"IG story",,Lifetime,365,275,5,0,,0,264,5,
18123127708504091,17841402627774708,atu_business,"ATU LeMoyne Smith School of Business","@kyliehkelly  @atucampuslife",0,"10/22/2025 14:36",,"IG story",,Lifetime,1386,829,4,0,1,0,381,7,
18045531224669260,17841402627774708,atu_business,"ATU LeMoyne Smith School of Business","Todays career connection has been cancelled! We’ll resume with career connections next week!!",0,"10/22/2025 07:58",,"IG story",,Lifetime,483,346,1,0,,0,447,,
17864067057480379,17841402627774708,atu_business,"ATU LeMoyne Smith School of Business","just a normal day in personal branding… #ATUHomecoming",15,"10/22/2025 07:30",,"IG story",,Lifetime,2770,1545,1,0,,0,425,,
18129909298471034,17841402627774708,atu_business,"ATU LeMoyne Smith School of Business",,42,"10/20/2025 10:50",,"IG story",,Lifetime,292,243,2,0,,0,261,,
17891144742223695,17841402627774708,atu_business,"ATU LeMoyne Smith School of Business","Happy Monday",0,"10/20/2025 07:38",,"IG story",,Lifetime,462,355,7,1,2,0,346,7,
17925708744117169,17841402627774708,atu_business,"ATU LeMoyne Smith School of Business","show up and show out! 
Business Bucks may be involved 👀",0,"10/19/2025 09:15",,"IG story",,Lifetime,351,261,4,0,,0,288,,
18309893527216596,17841402627774708,atu_business,"ATU LeMoyne Smith School of Business","we got our
flu shots today! an amazing free resource for our students and campus thanks to @atunursing @atustudentwellness!",15,"10/15/2025 14:35",,"IG story",,Lifetime,343,267,11,0,,0,314,17,
18069757304365929,17841402627774708,atu_business,"ATU LeMoyne Smith School of Business","CA$H COW always carries Business Bucks Watch out 👀🐮",0,"10/15/2025 10:12",,"IG story",,Lifetime,382,261,4,0,1,0,359,,
18099551071637564,17841402627774708,atu_business,"ATU LeMoyne Smith School of Business",,3,"10/15/2025 10:02",,"IG story",,Lifetime,401,261,0,1,2,0,226,,
18327308014234383,17841402627774708,atu_business,"ATU LeMoyne Smith School of Business","CA$H COW making some appearances",3,"10/15/2025 09:57",,"IG story",,Lifetime,370,265,4,0,2,0,227,,
18082536520805069,17841402627774708,atu_business,"ATU LeMoyne Smith School of Business",,0,"10/15/2025 09:54",,"IG story",,Lifetime,361,280,3,0,,0,321,,
18060973841393544,17841402627774708,atu_business,"ATU LeMoyne Smith School of Business",,0,"10/13/2025 07:28",,"IG story",,Lifetime,266,229,7,0,1,0,245,,
17856830649478025,17841402627774708,atu_business,"ATU LeMoyne Smith School of Business","Had to stop for pizza before leaving the Windy City",0,"10/11/2025 12:07",https://instagram.com/stories/atu_business/3741232207009794860,"IG story",,Lifetime,306,254,4,0,,0,283,,
18155085304400038,17841402627774708,atu_business,"ATU LeMoyne Smith School of Business",,46,"10/11/2025 06:41",https://instagram.com/stories/atu_business/3741068261522746643,"IG story",,Lifetime,284,229,3,0,,0,257,,
18527705743008835,17841402627774708,atu_business,"ATU LeMoyne Smith School of Business","Chicago Skyline  Pt. 2 of touring downtown Chicago",0,"10/10/2025 19:20",https://instagram.com/stories/atu_business/3740725201764893518,"IG story",,Lifetime,258,198,2,0,,0,239,,
18130832791465270,17841402627774708,atu_business,"ATU LeMoyne Smith School of Business","Pt. 1 of touring the city after the conference 

Fun times at the Fed Reserve in Chicago @t.roy.cramm 
 @abt.5 
 @adrian_falcon66 
 @aaron30watkins 
 @e.ellis28",0,"10/10/2025 19:13",https://instagram.com/stories/atu_business/3740721732488271416,"IG story",,Lifetime,634,465,4,0,,0,231,,
17923157025150223,17841402627774708,atu_business,"ATU LeMoyne Smith School of Business","Dinner time!",14,"10/10/2025 19:10",https://instagram.com/stories/atu_business/3740720148039652625,"IG story",,Lifetime,235,199,0,0,,0,194,,
18324305992214427,17841402627774708,atu_business,"ATU LeMoyne Smith School of Business","Mall trip",10,"10/10/2025 16:20",https://instagram.com/stories/atu_business/3740634616332845327,"IG story",,Lifetime,202,178,1,0,,0,172,,
18057541103628245,17841402627774708,atu_business,"ATU LeMoyne Smith School of Business",,23,"10/10/2025 15:37",https://instagram.com/stories/atu_business/3740613362947295947,"IG story",,Lifetime,201,177,1,0,,0,182,,
17889679068358946,17841402627774708,atu_business,"ATU LeMoyne Smith School of Business",,8,"10/10/2025 14:11",https://instagram.com/stories/atu_business/3740569923908450919,"IG story",,Lifetime,213,188,1,0,,0,182,,
17899130124292342,17841402627774708,atu_business,"ATU LeMoyne Smith School of Business",,20,"10/10/2025 13:20",https://instagram.com/stories/atu_business/3740544367091447029,"IG story",,Lifetime,233,195,1,1,,0,190,,
18077381264146806,17841402627774708,atu_business,"ATU LeMoyne Smith School of Business","I beat SGA 11-0 but the cameras weren’t on",17,"10/10/2025 12:47",https://instagram.com/stories/atu_business/3740527458727940298,"IG story",,Lifetime,251,199,1,0,,1,218,,
17978673254917846,17841402627774708,atu_business,"ATU LeMoyne Smith School of Business",,3,"10/10/2025 12:02",https://instagram.com/stories/atu_business/3740504900972434501,"IG story",,Lifetime,249,203,1,0,,0,193,,
18114090727537238,17841402627774708,atu_business,"ATU LeMoyne Smith School of Business","Inside the Corporate Office",3,"10/10/2025 11:24",https://instagram.com/stories/atu_business/3740485872195345217,"IG story",,Lifetime,273,207,1,0,,0,196,,
18297067804255519,17841402627774708,atu_business,"ATU LeMoyne Smith School of Business","Checking in!",1,"10/10/2025 11:04",https://instagram.com/stories/atu_business/3740475524344038299,"IG story",,Lifetime,262,212,1,0,,0,154,,
18083301937787020,17841402627774708,atu_business,"ATU LeMoyne Smith School of Business",,10,"10/10/2025 10:49",https://instagram.com/stories/atu_business/3740468190108256385,"IG story",,Lifetime,263,219,2,0,,0,224,,
17869069926452650,17841402627774708,atu_business,"ATU LeMoyne Smith School of Business",Arrived!,14,"10/10/2025 10:46",https://instagram.com/stories/atu_business/3740466733988532760,"IG story",,Lifetime,278,222,4,0,,0,234,,
18131898622464793,17841402627774708,atu_business,"ATU LeMoyne Smith School of Business","Great Parking!",13,"10/10/2025 08:26",https://instagram.com/stories/atu_business/3740396318276535029,"IG story",,Lifetime,363,259,7,0,1,0,292,,
17917747272055487,17841402627774708,atu_business,"ATU LeMoyne Smith School of Business","We are en route with Katie behind the wheel! Please keep us in your thoughts and prayers  Should be there around 12:30ish",0,"10/10/2025 06:56",https://instagram.com/stories/atu_business/3740351015238345452,"IG story",,Lifetime,431,267,4,0,3,0,377,,
18099724537654661,17841402627774708,atu_business,"ATU LeMoyne Smith School of Business","WE ARE BACK FOR ANOTHER TAKEOVER! Follow along as we head to OKC and tour the Paycom Center! (Formerly Chesapeake Energy Arena) Give me a follow @josiahhcarterr",0,"10/10/2025 06:55",https://instagram.com/stories/atu_business/3740350159726172454,"IG story",,Lifetime,417,269,4,0,,0,344,19,
18059058911413809,17841402627774708,atu_business,"ATU LeMoyne Smith School of Business","Night 2 Eats! 
#smifcc2025",0,"10/09/2025 16:18",https://instagram.com/stories/atu_business/3739908866340326470,"IG story",,Lifetime,362,277,2,0,2,0,326,2,
18544846936028118,17841402627774708,atu_business,"ATU LeMoyne Smith School of Business","Day 1 Sessions✅✅ @e.ellis28 @
 @adrian_falcon66 
 @abt.5 
 @aaron30watkins 
 @t.roy.cramm",0,"10/09/2025 14:37",https://instagram.com/stories/atu_business/3739858094659927573,"IG story",,Lifetime,808,588,5,0,,0,330,22,
18078994321856325,17841402627774708,atu_business,"ATU LeMoyne Smith School of Business","Day 2 Lunch before the conference  @t.roy.cramm",0,"10/09/2025 09:25",https://instagram.com/stories/atu_business/3739701088271314492,"IG story",,Lifetime,597,453,2,0,,0,308,5,
18323889835211487,17841402627774708,atu_business,"ATU LeMoyne Smith School of Business","First Night Eats!! @t.roy.cramm
@abt.5 
@e.ellis28 
@aaron30watkins 
@adrian_falcon66",0,"10/08/2025 18:04",https://instagram.com/stories/atu_business/3739237669806061628,"IG story",,Lifetime,1141,759,4,3,,0,405,58,
17926893531136088,17841402627774708,atu_business,"ATU LeMoyne Smith School of Business","Views from above!!",0,"10/08/2025 17:53",https://instagram.com/stories/atu_business/3739231903585937641,"IG story",,Lifetime,445,340,2,0,,0,416,,
17972426072791304,17841402627774708,atu_business,"ATU LeMoyne Smith School of Business","Headed to Chicago✈️ @t.roy.cramm",8,"10/08/2025 17:53",https://instagram.com/stories/atu_business/3739231793812650623,"IG story",,Lifetime,888,592,2,0,,0,428,4,
18059413586539634,17841402627774708,atu_business,"ATU LeMoyne Smith School of Business",@t.roy.cramm,13,"10/08/2025 17:51",https://instagram.com/stories/atu_business/3739230865395056040,"IG story",,Lifetime,985,621,6,1,3,0,381,40,
18098904097725680,17841402627774708,atu_business,"ATU LeMoyne Smith School of Business","Career Connection!! Join us for some lunch!",0,"10/08/2025 09:55",,"IG story",,Lifetime,530,411,3,0,,0,484,,
18072980342178144,17841402627774708,atu_business,"ATU LeMoyne Smith School of Business",,0,"10/07/2025 16:10",https://instagram.com/stories/atu_business/3738455504218539369,"IG story",,Lifetime,830,591,8,1,3,0,522,,
18130527994420327,17841402627774708,atu_business,"ATU LeMoyne Smith School of Business",,0,"10/07/2025 08:12",,"IG story",,Lifetime,404,301,3,0,,0,351,,
18059902364572781,17841402627774708,atu_business,"ATU LeMoyne Smith School of Business",,0,"10/06/2025 11:03",https://instagram.com/stories/atu_business/3737575939737019705,"IG story",,Lifetime,335,250,0,0,1,0,288,11,
18067258907359198,17841402627774708,atu_business,"ATU LeMoyne Smith School of Business","RESTOCKED! get yours in Rothwell lobby today!",15,"10/06/2025 08:34",,"IG story",,Lifetime,2561,1560,3,2,,2,302,,
18088845292875158,17841402627774708,atu_business,"ATU LeMoyne Smith School of Business",,5,"10/06/2025 07:26",,"IG story",,Lifetime,333,263,3,0,,0,248,,
17885308914381646,17841402627774708,atu_business,"ATU LeMoyne Smith School of Business",,15,"10/03/2025 10:11",,"IG story",,Lifetime,245,186,8,0,,0,216,,
18541011571048071,17841402627774708,atu_business,"ATU LeMoyne Smith School of Business","ROTHWELL LOBBY 10/3 ENTERING OUR SHOWGIRL ERA…",15,"10/02/2025 14:37",,"IG story",,Lifetime,373,268,5,1,,1,358,,
18120240373505139,17841402627774708,atu_business,"ATU LeMoyne Smith School of Business","Free plushie with purchase while supplies last!",0,"10/02/2025 12:29",,"IG story",,Lifetime,374,275,5,1,1,0,347,,
17947613835046196,17841402627774708,atu_business,"ATU LeMoyne Smith School of Business","Congrats @kylierehberger!!! You’re the winner of our Business Casual giveaway! Stop by the Rothwell lobby from 2:30-4!",5,"10/02/2025 12:03",,"IG story",,Lifetime,451,296,4,0,,0,354,70,
18105755647526242,17841402627774708,atu_business,"ATU LeMoyne Smith School of Business","Rothwell Lobby, $28",0,"10/02/2025 11:28",,"IG story",,Lifetime,2729,1641,6,1,6,0,368,,
17926131783127807,17841402627774708,atu_business,"ATU LeMoyne Smith School of Business","Come eat lunch and connect!
RTH 138",0,"10/01/2025 10:00",,"IG story",,Lifetime,334,255,0,0,1,0,306,,
17855722206536828,17841402627774708,atu_business,"ATU LeMoyne Smith School of Business","Todays career connection",0,"10/01/2025 09:26",,"IG story",,Lifetime,304,246,0,0,,0,294,,
18045615155380389,17841402627774708,atu_business,"ATU LeMoyne Smith School of Business",🚨GIVEAWAY,15,"10/01/2025 08:44",,"IG story",,Lifetime,313,237,1,0,,0,281,,
18081963151994070,17841402627774708,atu_business,"ATU LeMoyne Smith School of Business",,8,"09/30/2025 18:31",https://instagram.com/stories/atu_business/3733453049886057269,"IG story",,Lifetime,324,256,5,0,,0,306,4,
17950629027013942,17841402627774708,atu_business,"ATU LeMoyne Smith School of Business","Ended the day with Dr. Cole in the tank <3",15,"09/30/2025 18:31",https://instagram.com/stories/atu_business/3733452868608202391,"IG story",,Lifetime,360,271,3,0,,0,334,,
17944542942048812,17841402627774708,atu_business,"ATU LeMoyne Smith School of Business","narcum is in the dunk tank now!! double dunk for the media girl!!",5,"09/30/2025 16:46",https://instagram.com/stories/atu_business/3733400112174349623,"IG story",,Lifetime,520,340,3,0,2,0,250,,
18015168227610400,17841402627774708,atu_business,"ATU LeMoyne Smith School of Business","Callahan is in the dunk tank!!",7,"09/30/2025 16:00",https://instagram.com/stories/atu_business/3733376687229797835,"IG story",,Lifetime,406,293,2,1,,0,324,,
18080956078968979,17841402627774708,atu_business,"ATU LeMoyne Smith School of Business","things are getting creative on the back porch!",0,"09/30/2025 15:50",https://instagram.com/stories/atu_business/3733372039278285265,"IG story",,Lifetime,417,294,2,1,,0,391,,
18089651497680732,17841402627774708,atu_business,"ATU LeMoyne Smith School of Business","don’t forget to have a slushie!",3,"09/30/2025 15:47",https://instagram.com/stories/atu_business/3733370585624749876,"IG story",,Lifetime,413,299,2,0,,0,300,,
17904655311124842,17841402627774708,atu_business,"ATU LeMoyne Smith School of Business","hungry? we’ve got you covered!",15,"09/30/2025 15:44",https://instagram.com/stories/atu_business/3733368882888348578,"IG story",,Lifetime,394,301,2,0,,0,371,,
18101965951528522,17841402627774708,atu_business,"ATU LeMoyne Smith School of Business",,15,"09/30/2025 15:39",https://instagram.com/stories/atu_business/3733366234478953234,"IG story",,Lifetime,391,302,4,0,,0,369,4,
18321822703241196,17841402627774708,atu_business,"ATU LeMoyne Smith School of Business","the bestest boy is here 🐾 @arkansastechjerry",15,"09/30/2025 15:32",https://instagram.com/stories/atu_business/3733362801164305681,"IG story",,Lifetime,399,303,1,1,,0,377,,
17906122719250769,17841402627774708,atu_business,"ATU LeMoyne Smith School of Business","step out to the back porch to see the cutest furry friends!",15,"09/30/2025 15:30",https://instagram.com/stories/atu_business/3733361803431685317,"IG story",,Lifetime,436,320,2,0,1,0,401,,
17886797835244163,17841402627774708,atu_business,"ATU LeMoyne Smith School of Business","the slushies are 🔥",0,"09/30/2025 15:16",https://instagram.com/stories/atu_business/3733354918674622719,"IG story",,Lifetime,538,328,8,19,1,0,484,,
18371771401145743,17841402627774708,atu_business,"ATU LeMoyne Smith School of Business","come dunk a professor! bring non-perishable food or a dog toy to participate! Pennington: 5:00 - 5:45
Callahan: 5:45 - 6:30
Narcum: 6:30 - 7:15
Dean Cole: 7:15 - 8:00",4,"09/30/2025 15:14",https://instagram.com/stories/atu_business/3733353903938228299,"IG story",,Lifetime,4125,2350,4,2,,0,350,,
18013366901789474,17841402627774708,atu_business,"ATU LeMoyne Smith School of Business","beach bash is starting! stop by hull student union from 5-8PM to join the fun!",7,"09/30/2025 15:05",https://instagram.com/stories/atu_business/3733349420562796403,"IG story",,Lifetime,518,338,3,0,1,0,373,,
18045377468364331,17841402627774708,atu_business,"ATU LeMoyne Smith School of Business","SOO MANY GOODIES",0,"09/30/2025 14:44",,"IG story",,Lifetime,445,315,5,0,1,0,391,,
17906666955247764,17841402627774708,atu_business,"ATU LeMoyne Smith School of Business","Goodbye New York!  We had so much fun.",5,"09/30/2025 12:47",https://instagram.com/stories/atu_business/3733279564899464629,"IG story",,Lifetime,412,309,3,0,1,0,340,,
18164211754372703,17841402627774708,atu_business,"ATU LeMoyne Smith School of Business","Starting off our last day with breakfast from Gregory’s.",5,"09/30/2025 06:19",https://instagram.com/stories/atu_business/3733084633379706108,"IG story",,Lifetime,441,314,4,0,1,0,387,,
17967508754798365,17841402627774708,atu_business,"ATU LeMoyne Smith School of Business","We got to catch up with some old friends and meet tons of new people! @giobenitez",0,"09/29/2025 20:05",https://instagram.com/stories/atu_business/3732775488595988553,"IG story",,Lifetime,519,334,6,0,1,0,406,22,
18065342378366496,17841402627774708,atu_business,"ATU LeMoyne Smith School of Business","Katie and I had the privilege of attending the Honors Night, held by the ANA Educational Foundation. The Association of National Advertisers prestended honorees with their awards at the gala. @aeforg",0,"09/29/2025 20:00",https://instagram.com/stories/atu_business/3732772955454447375,"IG story",,Lifetime,457,340,4,0,,0,384,2,
18080023285825906,17841402627774708,atu_business,"ATU LeMoyne Smith School of Business",,0,"09/29/2025 15:59",https://instagram.com/stories/atu_business/3732651859111635984,"IG story",,Lifetime,420,328,5,0,,0,359,,
18071024786221533,17841402627774708,atu_business,"ATU LeMoyne Smith School of Business","& back in sweet ole Russellville… WE’RE PREPPING FOR BEACH BASH TOMORROW 🤩🤩",0,"09/29/2025 11:05",,"IG story",,Lifetime,381,281,5,0,1,0,353,,
18029244902726943,17841402627774708,atu_business,"ATU LeMoyne Smith School of Business",,15,"09/29/2025 10:06",,"IG story",,Lifetime,410,278,5,0,,0,365,,
17880210084400989,17841402627774708,atu_business,"ATU LeMoyne Smith School of Business","Coffee from Ralph’s Breakfast from PopUp Bagels",5,"09/29/2025 07:03",https://instagram.com/stories/atu_business/3732381660772955925,"IG story",,Lifetime,424,306,4,0,,0,369,,
18097781566729462,17841402627774708,atu_business,"ATU LeMoyne Smith School of Business","Good morning!
Today is gala day! Katie and I are in New York with NMGZ for the ANA Gala.",0,"09/29/2025 05:07",https://instagram.com/stories/atu_business/3732323582186688813,"IG story",,Lifetime,444,316,8,0,2,0,366,,
18078487571068781,17841402627774708,atu_business,"ATU LeMoyne Smith School of Business","Shopping on Times Square!",0,"09/28/2025 18:45",https://instagram.com/stories/atu_business/3732010227479617599,"IG story",,Lifetime,343,264,7,0,,0,291,,
18045694430370099,17841402627774708,atu_business,"ATU LeMoyne Smith School of Business","Dinner at Gallagher’s!",5,"09/28/2025 18:39",https://instagram.com/stories/atu_business/3732007184512059532,"IG story",,Lifetime,342,264,3,0,,0,281,,
17863042554472959,17841402627774708,atu_business,"ATU LeMoyne Smith School of Business","Quick bit of shopping before our dinner reservations.",5,"09/28/2025 15:27",https://instagram.com/stories/atu_business/3731910752765600391,"IG story",,Lifetime,369,265,5,0,,0,308,,
18405506719191207,17841402627774708,atu_business,"ATU LeMoyne Smith School of Business",,0,"09/28/2025 10:01",https://instagram.com/stories/atu_business/3731909179045965832,"IG story",,Lifetime,324,254,9,0,1,0,265,,
18080402651076464,17841402627774708,atu_business,"ATU LeMoyne Smith School of Business",,0,"09/28/2025 08:45",https://instagram.com/stories/atu_business/3731708428952637318,"IG story",,Lifetime,378,277,6,0,,0,337,,
18238746988288200,17841402627774708,atu_business,"ATU LeMoyne Smith School of Business","Quick outfit change then onto the shuttle to our hotel.",0,"09/28/2025 08:05",https://instagram.com/stories/atu_business/3731688308062623066,"IG story",,Lifetime,389,293,4,0,1,0,340,,
18084840584305456,17841402627774708,atu_business,"ATU LeMoyne Smith School of Business","Only the necessities!",5,"09/28/2025 03:41",https://instagram.com/stories/atu_business/3731555532906815890,"IG story",,Lifetime,390,283,3,0,1,0,347,,
17969202530957945,17841402627774708,atu_business,"ATU LeMoyne Smith School of Business","Left at 3:30am and now waiting for our flight. @mrsmitchymoo 
@nikki_victory",0,"09/28/2025 03:37",https://instagram.com/stories/atu_business/3731553629456164159,"IG story",,Lifetime,634,417,3,0,,0,346,26,
18073054330923726,17841402627774708,atu_business,"ATU LeMoyne Smith School of Business","All packed up for New York! 12 hours til takeoff!",0,"09/27/2025 15:42",https://instagram.com/stories/atu_business/3731193721665692624,"IG story",,Lifetime,480,331,7,1,5,0,382,,
18083219582491539,17841402627774708,atu_business,"ATU LeMoyne Smith School of Business","Glitter buttons 😍😍",3,"09/27/2025 14:58",,"IG story",,Lifetime,374,302,3,0,2,0,312,,
18528675976021084,17841402627774708,atu_business,"ATU LeMoyne Smith School of Business",,5,"09/27/2025 14:36",,"IG story",,Lifetime,376,307,3,0,,0,356,,
17986155536889276,17841402627774708,atu_business,"ATU LeMoyne Smith School of Business","Family swagged out💛💚 @rosietheribeter",0,"09/27/2025 14:26",https://instagram.com/stories/atu_business/3731155093980097432,"IG story",,Lifetime,438,340,4,0,,0,348,7,
17862338886481687,17841402627774708,atu_business,"ATU LeMoyne Smith School of Business","FAMILY DAY With DIPPIN DOTS",8,"09/27/2025 13:51",,"IG story",,Lifetime,384,321,5,0,,0,340,,
18533660833016433,17841402627774708,atu_business,"ATU LeMoyne Smith School of Business","📍Williamson lawn!!",0,"09/27/2025 13:47",,"IG story",,Lifetime,416,340,4,0,,0,395,,
18332643154235337,17841402627774708,atu_business,"ATU LeMoyne Smith School of Business","dippin’ dots in front of williamson while supplies last!",0,"09/27/2025 13:02",,"IG story",,Lifetime,465,371,8,0,,0,395,,
18055440320537383,17841402627774708,atu_business,"ATU LeMoyne Smith School of Business",,0,"09/26/2025 12:46",,"IG story",,Lifetime,337,257,1,0,1,0,301,4,
18098249758733908,17841402627774708,atu_business,"ATU LeMoyne Smith School of Business","Here until 5pm! 📍energy center FREE HEADSHOTS!!",0,"09/26/2025 12:26",,"IG story",,Lifetime,343,264,1,1,,0,314,,
18089922772837998,17841402627774708,atu_business,"ATU LeMoyne Smith School of Business","Tailgate with us tomorrow!!!🏈 free dipin’ dots",16,"09/26/2025 10:59",,"IG story",,Lifetime,318,238,1,0,,0,297,,
17949181647033969,17841402627774708,atu_business,"ATU LeMoyne Smith School of Business",,0,"09/26/2025 10:43",,"IG story",,Lifetime,342,243,3,2,,0,310,,
18152732086394802,17841402627774708,atu_business,"ATU LeMoyne Smith School of Business",,15,"09/26/2025 10:22",,"IG story",,Lifetime,347,248,3,0,,0,322,,
18180020296337703,17841402627774708,atu_business,"ATU LeMoyne Smith School of Business","Beach Bash
Sept. 30 @5pm  1 item = 3 throws Give back to our community! Remeber to bring non-perishable items, pet supplies, or personal hygiene!",0,"09/26/2025 09:19",,"IG story",,Lifetime,1115,651,1,0,,1,342,,
18017781647716493,17841402627774708,atu_business,"ATU LeMoyne Smith School of Business",,0,"09/26/2025 09:05",,"IG story",,Lifetime,1106,674,4,4,,0,333,,
18521445595037665,17841402627774708,atu_business,"ATU LeMoyne Smith School of Business",,0,"09/26/2025 07:32",https://instagram.com/stories/atu_business/3730222163681969896,"IG story",,Lifetime,350,258,1,0,2,0,323,,
18060385613123694,17841402627774708,atu_business,"ATU LeMoyne Smith School of Business",,0,"09/26/2025 07:29",https://instagram.com/stories/atu_business/3730220551206981194,"IG story",,Lifetime,361,267,4,2,1,0,337,,
17913999084067694,17841402627774708,atu_business,"ATU LeMoyne Smith School of Business",,5,"09/25/2025 11:50",,"IG story",,Lifetime,430,313,3,0,3,0,333,,
18113382322536709,17841402627774708,atu_business,"ATU LeMoyne Smith School of Business",,6,"09/25/2025 09:35",,"IG story",,Lifetime,485,354,2,0,,0,337,4,
18139387822427665,17841402627774708,atu_business,"ATU LeMoyne Smith School of Business","ATU lore:
Rumor has it that touching Mr. Hindsman’s nose brings you luck on exams",0,"09/25/2025 09:34",,"IG story",,Lifetime,3978,2545,6,1,1,0,387,,
17892357684342288,17841402627774708,atu_business,"ATU LeMoyne Smith School of Business",,0,"09/24/2025 10:38",,"IG story",,Lifetime,324,259,3,0,,0,303,,
18050694329313417,17841402627774708,atu_business,"ATU LeMoyne Smith School of Business","NYC APPLICATIOS ARE OPEN!! For more information message jbrock15@atu.edu or abell@atu.edu",0,"09/24/2025 10:20",,"IG story",,Lifetime,362,261,3,0,2,1,333,,
18076623365093823,17841402627774708,atu_business,"ATU LeMoyne Smith School of Business","New York Experience Interest meeting is happening now! RTH 138 - Free pizza!",0,"09/24/2025 10:03",,"IG story",,Lifetime,360,262,4,0,,0,326,,
17995229036685168,17841402627774708,atu_business,"ATU LeMoyne Smith School of Business","This is your sign to come to the NYC interest meeting today Lunch provided 🍕",0,"09/24/2025 07:49",,"IG story",,Lifetime,342,259,4,0,,0,323,,
18079715666475015,17841402627774708,atu_business,"ATU LeMoyne Smith School of Business",TODAY!!,15,"09/24/2025 07:26",,"IG story",,Lifetime,337,258,2,1,,1,324,,
17931201014980220,17841402627774708,atu_business,"ATU LeMoyne Smith School of Business",,0,"09/24/2025 06:54",,"IG story",,Lifetime,350,259,2,2,1,0,306,,
18056537597565139,17841402627774708,atu_business,"ATU LeMoyne Smith School of Business","Thanks for joining
The Conversation!",0,"09/23/2025 17:16",,"IG story",,Lifetime,630,419,2,1,,0,442,,
18051377285283319,17841402627774708,atu_business,"ATU LeMoyne Smith School of Business","Rothwell 132!",0,"09/23/2025 14:48",,"IG story",,Lifetime,503,362,1,0,3,0,441,,
18423202375096187,17841402627774708,atu_business,"ATU LeMoyne Smith School of Business",,0,"09/22/2025 11:44",,"IG story",,Lifetime,2352,1573,4,0,1,0,364,,
18068910068182825,17841402627774708,atu_business,"ATU LeMoyne Smith School of Business","Find details of the NYC interest meeting here!",15,"09/22/2025 11:14",,"IG story",,Lifetime,391,302,3,0,1,1,356,,
18529988236037069,17841402627774708,atu_business,"ATU LeMoyne Smith School of Business","Go support @atu_els 

All proceeds go toward 
London Elementary Drive!",0,"09/22/2025 07:18",,"IG story",,Lifetime,544,375,7,0,1,0,385,16,
17940050106066461,17841402627774708,atu_business,"ATU LeMoyne Smith School of Business",,15,"09/19/2025 14:02",,"IG story",,Lifetime,200,157,1,0,,0,179,,
18294320047270006,17841402627774708,atu_business,"ATU LeMoyne Smith School of Business",,15,"09/18/2025 16:35",,"IG story",,Lifetime,213,182,2,0,,0,196,,
18082355918489100,17841402627774708,atu_business,"ATU LeMoyne Smith School of Business",,5,"09/18/2025 12:42",,"IG story",,Lifetime,259,200,1,0,,0,202,,
18062280839582462,17841402627774708,atu_business,"ATU LeMoyne Smith School of Business",,0,"09/18/2025 12:08",,"IG story",,Lifetime,260,209,2,0,,0,240,,
18039203009463386,17841402627774708,atu_business,"ATU LeMoyne Smith School of Business",,0,"09/18/2025 12:06",,"IG story",,Lifetime,267,215,3,0,,0,237,,
17856141351530576,17841402627774708,atu_business,"ATU LeMoyne Smith School of Business",,0,"09/18/2025 08:17",,"IG story",,Lifetime,272,218,2,0,,0,246,2,
18057062207412468,17841402627774708,atu_business,"ATU LeMoyne Smith School of Business",,0,"09/18/2025 08:01",,"IG story",,Lifetime,318,227,3,0,,0,277,,
18125921581479858,17841402627774708,atu_business,"ATU LeMoyne Smith School of Business","College Fair",15,"09/18/2025 07:58",,"IG story",,Lifetime,2291,1420,4,0,1,0,277,2,
18080130568788483,17841402627774708,atu_business,"ATU LeMoyne Smith School of Business","COBED hard at work speaking to hundreds of students today!",5,"09/18/2025 07:50",,"IG story",,Lifetime,283,232,3,0,,0,208,,
18068273210185284,17841402627774708,atu_business,"ATU LeMoyne Smith School of Business","Hello from the College Fair📚",5,"09/18/2025 07:45",,"IG story",,Lifetime,296,234,2,0,,0,188,,
18056072732625767,17841402627774708,atu_business,"ATU LeMoyne Smith School of Business","Come see us at the ATU College Fair this morning! We’re next to the entrance!",15,"09/18/2025 06:44",https://instagram.com/stories/atu_business/3724399520307287378,"IG story",,Lifetime,305,239,6,0,1,0,285,,
18415818883106155,17841402627774708,atu_business,"ATU LeMoyne Smith School of Business",,0,"09/17/2025 18:00",,"IG story",,Lifetime,285,220,1,0,,0,255,,
18000317042814515,17841402627774708,atu_business,"ATU LeMoyne Smith School of Business",,5,"09/17/2025 12:33",,"IG story",,Lifetime,308,227,2,0,1,0,232,,
17846001108553797,17841402627774708,atu_business,"ATU LeMoyne Smith School of Business",,0,"09/17/2025 11:33",,"IG story",,Lifetime,344,242,1,0,,0,299,7,
18079230640799751,17841402627774708,atu_business,"ATU LeMoyne Smith School of Business",,0,"09/17/2025 10:48",,"IG story",,Lifetime,374,259,4,1,,0,347,,
18083883637911637,17841402627774708,atu_business,"ATU LeMoyne Smith School of Business","What a success! Next Wednesday is the NYC trip interest meeting! 📅 Don’t miss out!",0,"09/17/2025 10:48",,"IG story",,Lifetime,365,261,4,0,,0,330,,
17957471570996335,17841402627774708,atu_business,"ATU LeMoyne Smith School of Business","Happening now! Connect with Russellville Insurance Agency",4,"09/17/2025 10:02",,"IG story",,Lifetime,370,268,2,0,,0,255,,
17934964602083774,17841402627774708,atu_business,"ATU LeMoyne Smith School of Business",,0,"09/17/2025 09:44",,"IG story",,Lifetime,370,280,2,0,2,0,333,,
18074399369033993,17841402627774708,atu_business,"ATU LeMoyne Smith School of Business","Undeclared event is in full swing! Stop by Rothwell 138! We’ll be here until 7PM!",15,"09/16/2025 16:44",,"IG story",,Lifetime,514,372,5,0,1,0,471,,
18422195851099223,17841402627774708,atu_business,"ATU LeMoyne Smith School of Business","Rothwell 138
6 PM
TONIGHT",0,"09/16/2025 13:11",,"IG story",,Lifetime,1152,710,3,1,2,0,459,,
18312090508240048,17841402627774708,atu_business,"ATU LeMoyne Smith School of Business","📍chambers cafeteria 📍baz",0,"09/16/2025 08:09",,"IG story",,Lifetime,479,350,2,0,1,0,451,,
18076875692051019,17841402627774708,atu_business,"ATU LeMoyne Smith School of Business","Hiding some Golden Tickets 🤩",0,"09/16/2025 08:01",,"IG story",,Lifetime,451,356,6,0,1,0,416,,
17903102631123851,17841402627774708,atu_business,"ATU LeMoyne Smith School of Business",,0,"09/15/2025 17:53",,"IG story",,Lifetime,336,270,5,0,,0,310,,
17859413631493050,17841402627774708,atu_business,"ATU LeMoyne Smith School of Business",,5,"09/15/2025 12:43",,"IG story",,Lifetime,317,240,2,0,3,0,230,,
18093429874736769,17841402627774708,atu_business,"ATU LeMoyne Smith School of Business",,0,"09/15/2025 11:23",,"IG story",,Lifetime,2858,1730,0,0,1,0,262,,
18056922593160644,17841402627774708,atu_business,"ATU LeMoyne Smith School of Business","@go2atu  Heck Yeah Tech Yeah! Heck Yeah Tech Yeah! @go2atu  @arkansastech",15,"09/14/2025 11:21",,"IG story",,Lifetime,282,219,3,0,3,0,245,,
18075096847856708,17841402627774708,atu_business,"ATU LeMoyne Smith School of Business",,15,"09/12/2025 07:43",,"IG story",,Lifetime,220,191,1,0,,0,206,,
18158798824377584,17841402627774708,atu_business,"ATU LeMoyne Smith School of Business",,0,"09/11/2025 17:57",,"IG story",,Lifetime,343,256,0,0,,0,313,,
17918531211168853,17841402627774708,atu_business,"ATU LeMoyne Smith School of Business",,15,"09/11/2025 17:54",,"IG story",,Lifetime,330,261,1,0,,0,318,,
18043745231346208,17841402627774708,atu_business,"ATU LeMoyne Smith School of Business","Open to all students 🙂‍↕️ Thought this event was great? Just wait until our next epic event: BEACH BASH! ☀️🏖️",0,"09/11/2025 17:52",,"IG story",,Lifetime,355,264,2,0,,0,325,,
17857498692504639,17841402627774708,atu_business,"ATU LeMoyne Smith School of Business","And of course shoutout to the prize winners🎁",0,"09/11/2025 16:54",,"IG story",,Lifetime,387,268,2,0,,0,340,,
18309979792170511,17841402627774708,atu_business,"ATU LeMoyne Smith School of Business","The t-shirt were so nice 😍",0,"09/11/2025 16:37",,"IG story",,Lifetime,379,267,6,2,,0,350,,
18089671921796776,17841402627774708,atu_business,"ATU LeMoyne Smith School of Business","Food + student Q&A session",0,"09/11/2025 16:34",,"IG story",,Lifetime,365,268,2,3,,0,345,,
18055251578402465,17841402627774708,atu_business,"ATU LeMoyne Smith School of Business","Mastering conversation skills 🧑‍🏫",6,"09/11/2025 15:01",,"IG story",,Lifetime,344,262,1,0,2,0,284,,
17970233825947719,17841402627774708,atu_business,"ATU LeMoyne Smith School of Business","Handing out Business Bucks 🤑 When the speaker makes it fun 👏",0,"09/11/2025 14:42",,"IG story",,Lifetime,339,262,2,0,,0,315,,
17894049687302002,17841402627774708,atu_business,"ATU LeMoyne Smith School of Business","It’s time for Project Lead! We’re so excited to present our speaker!",5,"09/11/2025 14:25",,"IG story",,Lifetime,349,268,5,0,1,0,270,,
18078588247975656,17841402627774708,atu_business,"ATU LeMoyne Smith School of Business",,8,"09/11/2025 07:38",,"IG story",,Lifetime,345,249,3,0,,0,271,,
18124492828488445,17841402627774708,atu_business,"ATU LeMoyne Smith School of Business",,5,"09/11/2025 06:20",,"IG story",,Lifetime,338,272,3,0,4,0,261,,
18085836505845403,17841402627774708,atu_business,"ATU LeMoyne Smith School of Business","Thank you for joining us! See y’all next Wednesday for our next Career Connection!",0,"09/10/2025 10:25",,"IG story",,Lifetime,375,314,2,0,1,0,357,,
18134460844451714,17841402627774708,atu_business,"ATU LeMoyne Smith School of Business","Learning all about Uniti’s mission and summer internships",0,"09/10/2025 10:23",,"IG story",,Lifetime,392,319,3,0,,0,376,,
18190945390319538,17841402627774708,atu_business,"ATU LeMoyne Smith School of Business","Starting in a couple minutes!!",0,"09/10/2025 09:59",,"IG story",,Lifetime,404,323,4,0,,0,374,,
18318795829240288,17841402627774708,atu_business,"ATU LeMoyne Smith School of Business",,0,"09/10/2025 08:29",,"IG story",,Lifetime,424,331,3,1,,0,373,,
18096310978655477,17841402627774708,atu_business,"ATU LeMoyne Smith School of Business",,5,"09/09/2025 13:48",,"IG story",,Lifetime,328,256,2,0,2,0,280,,
18084145024914764,17841402627774708,atu_business,"ATU LeMoyne Smith School of Business","Learned all about getting Masters degree at ATU! Including how to get your Masters in half the time😲",0,"09/09/2025 09:53",,"IG story",,Lifetime,344,249,3,2,1,0,319,,1
18038041955688818,17841402627774708,atu_business,"ATU LeMoyne Smith School of Business","@atugradcollege  Enjoying La Huerta while learning about Graduate degrees!",4,"09/09/2025 09:41",,"IG story",,Lifetime,445,295,2,0,,0,217,6,
18071111798131162,17841402627774708,atu_business,"ATU LeMoyne Smith School of Business","Learn more about Uniti while enjoying some free lunch First career connection is TOMORROW!",0,"09/09/2025 09:09",,"IG story",,Lifetime,318,249,1,0,,0,287,,
18002669939644244,17841402627774708,atu_business,"ATU LeMoyne Smith School of Business",,0,"09/08/2025 13:17",,"IG story",,Lifetime,238,185,1,0,,0,217,,
18090337318766218,17841402627774708,atu_business,"ATU LeMoyne Smith School of Business",,5,"09/08/2025 12:35",,"IG story",,Lifetime,221,179,0,0,,0,184,,
17930762601008204,17841402627774708,atu_business,"ATU LeMoyne Smith School of Business",,0,"09/08/2025 11:10",,"IG story",,Lifetime,223,177,0,1,,0,216,,
17892366432335472,17841402627774708,atu_business,"ATU LeMoyne Smith School of Business","Open to any undeclared major and those interested in a Business degree! Join us on Sept. 16 to explore the majors we have to offer!",0,"09/08/2025 11:09",,"IG story",,Lifetime,436,287,1,0,,1,216,,
18078108380477830,17841402627774708,atu_business,"ATU LeMoyne Smith School of Business",,0,"09/08/2025 09:48",,"IG story",,Lifetime,244,183,1,0,1,0,228,,
17863882881462303,17841402627774708,atu_business,"ATU LeMoyne Smith School of Business",,0,"09/08/2025 07:41",,"IG story",,Lifetime,276,210,1,0,,0,252,,
18151084291359754,17841402627774708,atu_business,"ATU LeMoyne Smith School of Business","Look at our Business and Ag students 🤩📸",15,"09/08/2025 07:39",,"IG story",,Lifetime,272,215,6,0,3,0,238,,
17990071652839801,17841402627774708,atu_business,"ATU LeMoyne Smith School of Business",,15,"09/05/2025 10:20",,"IG story",,Lifetime,213,176,2,0,,0,194,,
18085009438843242,17841402627774708,atu_business,"ATU LeMoyne Smith School of Business",,15,"09/04/2025 16:04",,"IG story",,Lifetime,297,236,3,0,,1,248,,
18077077385003782,17841402627774708,atu_business,"ATU LeMoyne Smith School of Business",,0,"09/04/2025 10:10",https://instagram.com/stories/atu_business/3714356845541663332,"IG story",,Lifetime,318,256,2,0,,0,285,4,
17908504449227206,17841402627774708,atu_business,"ATU LeMoyne Smith School of Business",,0,"09/04/2025 09:32",https://instagram.com/stories/atu_business/3714337593568885874,"IG story",,Lifetime,330,253,2,0,,0,300,,
18069940966934787,17841402627774708,atu_business,"ATU LeMoyne Smith School of Business",,3,"09/04/2025 09:13",https://instagram.com/stories/atu_business/3714327850544637148,"IG story",,Lifetime,326,253,1,0,,0,223,2,
18057105095436196,17841402627774708,atu_business,"ATU LeMoyne Smith School of Business","Class field trip to the gumball machine",5,"09/04/2025 08:33",https://instagram.com/stories/atu_business/3714307962245574487,"IG story",,Lifetime,338,258,2,0,1,0,265,,
18381467911133238,17841402627774708,atu_business,"ATU LeMoyne Smith School of Business",,0,"09/04/2025 08:13",https://instagram.com/stories/atu_business/3714297483959854602,"IG story",,Lifetime,333,262,2,0,,0,311,,
18041579954384606,17841402627774708,atu_business,"ATU LeMoyne Smith School of Business",,0,"09/04/2025 08:12",https://instagram.com/stories/atu_business/3714297128828094515,"IG story",,Lifetime,328,264,3,0,,0,306,,
18106168951571470,17841402627774708,atu_business,"ATU LeMoyne Smith School of Business",@gobrightspeed,0,"09/04/2025 08:11",https://instagram.com/stories/atu_business/3714296523548111660,"IG story",,Lifetime,351,269,3,1,,0,314,2,
17856401757507801,17841402627774708,atu_business,"ATU LeMoyne Smith School of Business","We have a gift card winner!!",0,"09/04/2025 07:45",https://instagram.com/stories/atu_business/3714283391551358788,"IG story",,Lifetime,608,420,3,0,,0,307,,
17846074419559517,17841402627774708,atu_business,"ATU LeMoyne Smith School of Business","Some may even have have gift cards 👀 @gobrightspeed",8,"09/04/2025 07:41",https://instagram.com/stories/atu_business/3714281401068895672,"IG story",,Lifetime,348,278,3,0,,0,218,,
18054775283573746,17841402627774708,atu_business,"ATU LeMoyne Smith School of Business","Everyone’s a winner! There’s different prizes in each “gumball”",8,"09/04/2025 07:36",https://instagram.com/stories/atu_business/3714278905726456497,"IG story",,Lifetime,378,283,1,0,,0,294,,
18124972993471310,17841402627774708,atu_business,"ATU LeMoyne Smith School of Business","@gobrightspeed is here!! Take your turn!",7,"09/04/2025 07:26",https://instagram.com/stories/atu_business/3714274253328979675,"IG story",,Lifetime,522,375,2,6,,0,263,10,
18425599786097798,17841402627774708,atu_business,"ATU LeMoyne Smith School of Business",,5,"09/03/2025 13:26",,"IG story",,Lifetime,356,271,1,0,,0,273,,
18050331521281340,17841402627774708,atu_business,"ATU LeMoyne Smith School of Business","Trust me, you won’t want to miss out on the cool freebies 👀😉",0,"09/03/2025 10:41",,"IG story",,Lifetime,397,284,2,0,3,0,378,,
18075400463073183,17841402627774708,atu_business,"ATU LeMoyne Smith School of Business","We have some friends from Brightspeed coming tomorrow!! 🗓️Tomorrow, Sept. 4
🕑9am - 12pm
📍South Rothwell Lawn",0,"09/03/2025 10:36",,"IG story",,Lifetime,421,287,4,0,,0,383,,
17987928887846358,17841402627774708,atu_business,"ATU LeMoyne Smith School of Business","@clark.jenkins19  @atucareercloset",2,"09/03/2025 08:00",,"IG story",,Lifetime,1628,940,1,0,1,0,303,31,
18369417478197823,17841402627774708,atu_business,"ATU LeMoyne Smith School of Business",,20,"09/03/2025 07:26",,"IG story",,Lifetime,452,331,2,2,,0,358,,
18077825182800100,17841402627774708,atu_business,"ATU LeMoyne Smith School of Business","Doing some shopping 
 Everyone is looking fly🤩",11,"09/03/2025 07:19",,"IG story",,Lifetime,473,340,3,1,1,0,366,,
18054859730533507,17841402627774708,atu_business,"ATU LeMoyne Smith School of Business",,0,"09/02/2025 16:56",,"IG story",,Lifetime,444,310,4,0,4,0,386,2,
18054643982404114,17841402627774708,atu_business,"ATU LeMoyne Smith School of Business",,15,"08/31/2025 09:55",,"IG story",,Lifetime,443,337,1,0,,0,425,,
18047860088313523,17841402627774708,atu_business,"ATU LeMoyne Smith School of Business",,0,"08/31/2025 09:51",,"IG story",,Lifetime,469,378,6,0,,0,402,,
17923845750108561,17841402627774708,atu_business,"ATU LeMoyne Smith School of Business",,15,"08/28/2025 17:25",,"IG story",,Lifetime,314,206,1,0,,0,277,,
18064604066253012,17841402627774708,atu_business,"ATU LeMoyne Smith School of Business",,8,"08/28/2025 17:11",,"IG story",,Lifetime,310,230,2,0,,0,261,,
18520584343055974,17841402627774708,atu_business,"ATU LeMoyne Smith School of Business","New bucks printed 👀 #undeclared Can you guess what they’re for?",5,"08/28/2025 10:25",,"IG story",,Lifetime,454,305,4,0,5,0,354,,
17918202555154273,17841402627774708,atu_business,"ATU LeMoyne Smith School of Business","Will the founding fathers of “Pencilvania” please stand up 😂💀",0,"08/27/2025 12:21",,"IG story",,Lifetime,401,295,4,0,,1,351,,
18073407122037552,17841402627774708,atu_business,"ATU LeMoyne Smith School of Business","If anyone has lost a reusable bag in Rothwell, please message us!",5,"08/27/2025 11:34",,"IG story",,Lifetime,369,278,0,0,1,0,332,,
17860389756482754,17841402627774708,atu_business,"ATU LeMoyne Smith School of Business",,0,"08/27/2025 09:18",,"IG story",,Lifetime,360,264,1,0,,0,325,,
17990507372834404,17841402627774708,atu_business,"ATU LeMoyne Smith School of Business",,0,"08/27/2025 09:11",,"IG story",,Lifetime,361,260,2,0,,0,335,18,
18089843743686120,17841402627774708,atu_business,"ATU LeMoyne Smith School of Business",,0,"08/27/2025 09:11",,"IG story",,Lifetime,352,276,1,0,2,0,320,6,
18289731616267513,17841402627774708,atu_business,"ATU LeMoyne Smith School of Business","TAYLOR SWIFT IS ENGAGED!!!!!!!!!!!!!",10,"08/26/2025 10:20",,"IG story",,Lifetime,348,245,14,1,2,2,315,,
18091939489669641,17841402627774708,atu_business,"ATU LeMoyne Smith School of Business",,15,"08/25/2025 12:34",,"IG story",,Lifetime,287,214,3,0,,0,256,14,
18086774707871246,17841402627774708,atu_business,"ATU LeMoyne Smith School of Business","New board game added to the student lounge! Influencers in the Wild 🤩 room 314",0,"08/25/2025 07:19",,"IG story",,Lifetime,318,258,2,0,,0,288,,
18012785693787617,17841402627774708,atu_business,"ATU LeMoyne Smith School of Business",,4,"08/24/2025 11:51",,"IG story",,Lifetime,283,231,3,0,,1,246,,
18408859090119709,17841402627774708,atu_business,"ATU LeMoyne Smith School of Business",,0,"08/23/2025 07:59",,"IG story",,Lifetime,798,538,0,1,3,0,278,,
17992994951681220,17841402627774708,atu_business,"ATU LeMoyne Smith School of Business",,5,"08/22/2025 12:53",,"IG story",,Lifetime,314,216,1,3,1,0,257,,
18085964365669569,17841402627774708,atu_business,"ATU LeMoyne Smith School of Business",,0,"08/22/2025 11:06",,"IG story",,Lifetime,282,220,2,0,,0,250,,
17913206457057148,17841402627774708,atu_business,"ATU LeMoyne Smith School of Business",,15,"08/22/2025 08:30",,"IG story",,Lifetime,238,189,2,2,1,0,219,,
18038561516424075,17841402627774708,atu_business,"ATU LeMoyne Smith School of Business",,5,"08/22/2025 07:08",,"IG story",,Lifetime,245,203,2,0,1,0,199,,
18117368611496589,17841402627774708,atu_business,"ATU LeMoyne Smith School of Business","Last first day 🥺",15,"08/21/2025 06:45",,"IG story",,Lifetime,340,256,5,0,1,1,306,,
17885806065225261,17841402627774708,atu_business,"ATU LeMoyne Smith School of Business","Our backpack giveaway winners!! @landrypearl3  @dawson.griffinn",0,"08/20/2025 12:02",https://instagram.com/stories/atu_business/3703541436005176664,"IG story",,Lifetime,1232,798,6,0,,0,328,49,
18054297872530022,17841402627774708,atu_business,"ATU LeMoyne Smith School of Business",,0,"08/20/2025 11:15",https://instagram.com/stories/atu_business/3703517645916959635,"IG story",,Lifetime,345,255,4,0,1,0,308,6,
18114673318512864,17841402627774708,atu_business,"ATU LeMoyne Smith School of Business","Our freshman orientation winner! Congratulations ✨",0,"08/20/2025 10:29",,"IG story",,Lifetime,310,235,2,0,,0,289,,
17873929191307704,17841402627774708,atu_business,"ATU LeMoyne Smith School of Business","First day of College",0,"08/20/2025 09:40",https://instagram.com/stories/atu_business/3703470049600054338,"IG story",,Lifetime,307,222,5,0,1,2,263,,
18016487261583503,17841402627774708,atu_business,"ATU LeMoyne Smith School of Business","I spy…",4,"08/20/2025 09:18",,"IG story",,Lifetime,261,215,1,0,,0,224,,
18076019579296329,17841402627774708,atu_business,"ATU LeMoyne Smith School of Business","GOOD LUCK!",2,"08/20/2025 09:15",,"IG story",,Lifetime,260,218,1,0,,0,172,,
18383257831124330,17841402627774708,atu_business,"ATU LeMoyne Smith School of Business","WE’RE HIDING SOME BUSINESS BUCKS TODAY! HAPPY FIRST DAY OF CLASSES",8,"08/20/2025 09:07",,"IG story",,Lifetime,280,221,2,0,,0,259,,
17942170026047537,17841402627774708,atu_business,"ATU LeMoyne Smith School of Business",,15,"08/20/2025 07:46",https://instagram.com/stories/atu_business/3703412676807313039,"IG story",,Lifetime,306,217,4,0,1,0,280,,
18075732040822029,17841402627774708,atu_business,"ATU LeMoyne Smith School of Business",,5,"08/20/2025 05:11",,"IG story",,Lifetime,296,226,3,0,2,0,231,,
18121363186487755,17841402627774708,atu_business,"ATU LeMoyne Smith School of Business",,0,"08/19/2025 15:12",https://instagram.com/stories/atu_business/3702912270897302561,"IG story",,Lifetime,313,235,3,0,,0,295,3,
18092310298677600,17841402627774708,atu_business,"ATU LeMoyne Smith School of Business","Congrats to our North Face giveaway winners! @landrypearl3 
@dawson.griffinn",0,"08/19/2025 14:04",,"IG story",,Lifetime,401,225,3,0,4,0,309,171,
17917836771152357,17841402627774708,atu_business,"ATU LeMoyne Smith School of Business",,0,"08/19/2025 13:10",,"IG story",,Lifetime,277,214,6,1,,0,253,,
18061075712065014,17841402627774708,atu_business,"ATU LeMoyne Smith School of Business",,0,"08/19/2025 12:39",,"IG story",,Lifetime,278,207,1,0,1,0,256,,
17897086245270310,17841402627774708,atu_business,"ATU LeMoyne Smith School of Business","Miss you,
@thm.business 
@thm.fachschaft.wirtschaft",0,"08/19/2025 12:38",,"IG story",,Lifetime,300,206,3,0,,0,281,6,
18051095495543369,17841402627774708,atu_business,"ATU LeMoyne Smith School of Business",,0,"08/19/2025 11:55",,"IG story",,Lifetime,317,209,2,0,,0,283,,
17923183434105508,17841402627774708,atu_business,"ATU LeMoyne Smith School of Business",,0,"08/19/2025 11:11",,"IG story",,Lifetime,294,210,2,0,,0,286,,
17947249032009083,17841402627774708,atu_business,"ATU LeMoyne Smith School of Business",,0,"08/19/2025 10:55",https://instagram.com/stories/atu_business/3702782957359371632,"IG story",,Lifetime,313,212,1,0,2,0,299,,
18086896609639902,17841402627774708,atu_business,"ATU LeMoyne Smith School of Business",,0,"08/19/2025 10:39",,"IG story",,Lifetime,323,209,8,0,,1,304,,
17994735809817054,17841402627774708,atu_business,"ATU LeMoyne Smith School of Business","SEE YOU SOON!",5,"08/19/2025 10:07",,"IG story",,Lifetime,290,205,6,0,,0,269,,
18076094672006193,17841402627774708,atu_business,"ATU LeMoyne Smith School of Business",,0,"08/19/2025 10:03",,"IG story",,Lifetime,296,211,3,0,,0,291,,
18016242809585651,17841402627774708,atu_business,"ATU LeMoyne Smith School of Business",,15,"08/19/2025 09:54",,"IG story",,Lifetime,323,219,4,0,2,0,303,,
17990189318828994,17841402627774708,atu_business,"ATU LeMoyne Smith School of Business",,15,"08/19/2025 08:47",,"IG story",,Lifetime,322,227,4,0,3,0,301,,
17881683660365152,17841402627774708,atu_business,"ATU LeMoyne Smith School of Business",,0,"08/19/2025 07:53",,"IG story",,Lifetime,328,240,7,0,2,0,296,9,
17919910677134493,17841402627774708,atu_business,"ATU LeMoyne Smith School of Business",,5,"08/18/2025 20:30",,"IG story",,Lifetime,345,254,1,0,,1,289,,
18060786092362725,17841402627774708,atu_business,"ATU LeMoyne Smith School of Business",,0,"08/18/2025 20:22",https://instagram.com/stories/atu_business/3702343277193968313,"IG story",,Lifetime,354,260,2,0,1,0,316,,
18529218973022421,17841402627774708,atu_business,"ATU LeMoyne Smith School of Business","Thank you for joining us today 💛💚",4,"08/18/2025 19:31",,"IG story",,Lifetime,368,262,4,0,1,0,288,,
18322597024226390,17841402627774708,atu_business,"ATU LeMoyne Smith School of Business",,0,"08/18/2025 18:47",,"IG story",,Lifetime,376,269,4,0,,0,360,,
17899098423260868,17841402627774708,atu_business,"ATU LeMoyne Smith School of Business",,0,"08/18/2025 18:27",,"IG story",,Lifetime,402,273,2,1,,0,394,,
17852089392528227,17841402627774708,atu_business,"ATU LeMoyne Smith School of Business","We’re giving away mini cows! Come see us! In honor of our cash cow of course",0,"08/18/2025 18:23",,"IG story",,Lifetime,417,278,4,0,,0,396,,
18039983597384685,17841402627774708,atu_business,"ATU LeMoyne Smith School of Business","Come see us at the 
Involvement Fair!",7,"08/18/2025 17:15",,"IG story",,Lifetime,424,285,5,1,2,0,358,,
18519021445059732,17841402627774708,atu_business,"ATU LeMoyne Smith School of Business",,10,"08/18/2025 08:07",,"IG story",,Lifetime,343,255,4,0,1,0,333,,
18526941109001034,17841402627774708,atu_business,"ATU LeMoyne Smith School of Business",,0,"08/18/2025 07:45",,"IG story",,Lifetime,369,278,2,0,2,0,320,3,
18071073820881754,17841402627774708,atu_business,"ATU LeMoyne Smith School of Business",,5,"08/17/2025 18:24",,"IG story",,Lifetime,236,195,4,0,,0,214,4,
18366870472148012,17841402627774708,atu_business,"ATU LeMoyne Smith School of Business",,5,"08/17/2025 17:58",,"IG story",,Lifetime,225,199,3,0,,0,204,,
18076815073792496,17841402627774708,atu_business,"ATU LeMoyne Smith School of Business",,0,"08/16/2025 16:52",,"IG story",,Lifetime,319,256,3,0,,0,307,,
18068498117149135,17841402627774708,atu_business,"ATU LeMoyne Smith School of Business",,0,"08/16/2025 15:14",https://instagram.com/stories/atu_business/3700738621562001657,"IG story",,Lifetime,322,259,2,0,,0,303,,
17883567834358211,17841402627774708,atu_business,"ATU LeMoyne Smith School of Business",,5,"08/16/2025 12:39",,"IG story",,Lifetime,291,238,4,0,,0,267,7,
18058935326087701,17841402627774708,atu_business,"ATU LeMoyne Smith School of Business",,0,"08/16/2025 09:11",https://instagram.com/stories/atu_business/3700556369699886142,"IG story",,Lifetime,307,240,6,3,,0,251,,
17992269668682169,17841402627774708,atu_business,"ATU LeMoyne Smith School of Business","Popsicle Patrol is BACK today from 9-1 for move-in!",5,"08/16/2025 06:51",,"IG story",,Lifetime,2516,1432,5,0,,0,274,,
18062383616042093,17841402627774708,atu_business,"ATU LeMoyne Smith School of Business",,0,"08/16/2025 06:49",,"IG story",,Lifetime,3363,1575,3,1,,0,281,,19
18088135108699724,17841402627774708,atu_business,"ATU LeMoyne Smith School of Business",,10,"08/15/2025 14:04",,"IG story",,Lifetime,3009,2066,10,0,2,0,325,,
18328813762227466,17841402627774708,atu_business,"ATU LeMoyne Smith School of Business",@nikki_victory,0,"08/15/2025 13:36",https://instagram.com/stories/atu_business/3699964614424307736,"IG story",,Lifetime,528,391,3,0,,0,336,9,
17958148907833916,17841402627774708,atu_business,"ATU LeMoyne Smith School of Business","Entering the giveaway just for these! How adorable!",0,"08/15/2025 11:41",,"IG story",,Lifetime,367,259,3,0,4,0,351,,
17987632817835398,17841402627774708,atu_business,"ATU LeMoyne Smith School of Business","Don’t forget to enter our North Face giveaway!",0,"08/15/2025 11:38",,"IG story",,Lifetime,370,267,1,0,1,0,356,,
17859396969418616,17841402627774708,atu_business,"ATU LeMoyne Smith School of Business",,5,"08/15/2025 08:36",,"IG story",,Lifetime,356,269,1,0,,0,255,,
18158377309372997,17841402627774708,atu_business,"ATU LeMoyne Smith School of Business",,0,"08/14/2025 18:01",https://instagram.com/stories/atu_business/3699373160148675185,"IG story",,Lifetime,380,280,1,0,1,0,322,5,
18100571290591851,17841402627774708,atu_business,"ATU LeMoyne Smith School of Business",,15,"08/14/2025 12:00",,"IG story",,Lifetime,398,273,4,0,,0,350,,
18029119955702056,17841402627774708,atu_business,"ATU LeMoyne Smith School of Business",". @asbtdc has your back for all your small business needs 💼",0,"08/14/2025 11:30",,"IG story",,Lifetime,330,275,2,0,1,0,314,6,
18365633488194318,17841402627774708,atu_business,"ATU LeMoyne Smith School of Business",,0,"08/14/2025 10:16",,"IG story",,Lifetime,447,312,2,0,,0,341,,
18096628741716346,17841402627774708,atu_business,"ATU LeMoyne Smith School of Business","River Valley Business Expo in action!",6,"08/14/2025 10:02",,"IG story",,Lifetime,365,294,4,1,,0,276,,
18072735986090553,17841402627774708,atu_business,"ATU LeMoyne Smith School of Business",,15,"08/13/2025 13:17",,"IG story",,Lifetime,221,160,2,0,1,0,204,,
18060750608596426,17841402627774708,atu_business,"ATU LeMoyne Smith School of Business","BDA MAJORS!",5,"08/13/2025 08:08",,"IG story",,Lifetime,241,168,1,0,2,0,210,,
18379641883124125,17841402627774708,atu_business,"ATU LeMoyne Smith School of Business",,15,"08/12/2025 11:23",,"IG story",,Lifetime,333,219,3,0,9,0,326,,
18068578715328675,17841402627774708,atu_business,"ATU LeMoyne Smith School of Business",,0,"08/12/2025 10:00",,"IG story",,Lifetime,299,227,7,0,2,1,300,,
18052493957402817,17841402627774708,atu_business,"ATU LeMoyne Smith School of Business",12,5,"08/12/2025 06:18",,"IG story",,Lifetime,314,238,5,0,,1,294,,
18074070394999860,17841402627774708,atu_business,"ATU LeMoyne Smith School of Business",,0,"08/11/2025 17:01",,"IG story",,Lifetime,305,245,2,0,3,0,280,,
17919703653017777,17841402627774708,atu_business,"ATU LeMoyne Smith School of Business",,5,"08/11/2025 11:27",,"IG story",,Lifetime,299,217,3,0,,0,225,,
18067845488143026,17841402627774708,atu_business,"ATU LeMoyne Smith School of Business",,0,"08/11/2025 10:12",https://instagram.com/stories/atu_business/3696963025455267343,"IG story",,Lifetime,309,258,4,0,,0,257,,
18086983858694396,17841402627774708,atu_business,"ATU LeMoyne Smith School of Business",,4,"08/08/2025 13:51",,"IG story",,Lifetime,205,175,5,0,,0,196,,
18016762574759417,17841402627774708,atu_business,"ATU LeMoyne Smith School of Business",,0,"08/08/2025 12:14",https://instagram.com/stories/atu_business/3694850172309048307,"IG story",,Lifetime,249,216,2,0,,0,220,,
18133220185433947,17841402627774708,atu_business,"ATU LeMoyne Smith School of Business",,0,"08/08/2025 12:14",https://instagram.com/stories/atu_business/3694850108840786818,"IG story",,Lifetime,277,217,3,0,,0,241,,
18001670873797195,17841402627774708,atu_business,"ATU LeMoyne Smith School of Business",,0,"08/08/2025 12:14",https://instagram.com/stories/atu_business/3694850047914438742,"IG story",,Lifetime,283,227,2,0,1,0,237,,
17976860117861843,17841402627774708,atu_business,"ATU LeMoyne Smith School of Business","We love to see it 🤩",0,"08/07/2025 11:43",,"IG story",,Lifetime,437,307,5,0,2,0,369,9,
17920225347111174,17841402627774708,atu_business,"ATU LeMoyne Smith School of Business",,0,"08/07/2025 10:11",https://instagram.com/stories/atu_business/3694063601100009484,"IG story",,Lifetime,394,292,2,0,,0,344,,
18122534176467911,17841402627774708,atu_business,"ATU LeMoyne Smith School of Business",,0,"08/07/2025 10:11",https://instagram.com/stories/atu_business/3694063470707594741,"IG story",,Lifetime,395,306,2,0,,0,331,,
18094030327652334,17841402627774708,atu_business,"ATU LeMoyne Smith School of Business",,0,"08/05/2025 13:48",https://instagram.com/stories/atu_business/3692722817612605381,"IG story",,Lifetime,246,201,4,0,2,0,202,,
17948821380007012,17841402627774708,atu_business,"ATU LeMoyne Smith School of Business",,5,"08/04/2025 11:14",,"IG story",,Lifetime,213,171,4,0,1,0,188,,
17958822119971552,17841402627774708,atu_business,"ATU LeMoyne Smith School of Business",,0,"08/04/2025 10:28",https://instagram.com/stories/atu_business/3691897490111777318,"IG story",,Lifetime,247,194,3,0,2,0,217,,
18036757784419200,17841402627774708,atu_business,"ATU LeMoyne Smith School of Business",,0,"08/04/2025 10:27",https://instagram.com/stories/atu_business/3691897356816887342,"IG story",,Lifetime,270,206,3,0,1,0,216,,
17859981654458546,17841402627774708,atu_business,"ATU LeMoyne Smith School of Business",,15,"08/02/2025 08:52",,"IG story",,Lifetime,279,206,2,0,1,0,257,,
18194857123313615,17841402627774708,atu_business,"ATU LeMoyne Smith School of Business",,0,"08/02/2025 08:42",https://instagram.com/stories/atu_business/3690394717016978771,"IG story",,Lifetime,303,226,3,0,,0,285,,
17982677936718577,17841402627774708,atu_business,"ATU LeMoyne Smith School of Business",,0,"08/02/2025 08:42",https://instagram.com/stories/atu_business/3690394665754055194,"IG story",,Lifetime,321,231,3,0,,0,295,,
17939327909915326,17841402627774708,atu_business,"ATU LeMoyne Smith School of Business",,0,"08/02/2025 08:42",https://instagram.com/stories/atu_business/3690394491128514015,"IG story",,Lifetime,323,242,1,0,,0,275,,
18073769245953218,17841402627774708,atu_business,"ATU LeMoyne Smith School of Business",,10,"08/01/2025 13:15",,"IG story",,Lifetime,326,239,6,0,,1,294,,
