"Post ID","Account ID","Account username","Account name",Description,"Duration (sec)","Publish time",Permalink,"Post type","Data comment",Date,Views,Reach,Likes,Shares,Replies,Navigation,"Profile visits","Sticker taps","Link clicks",Follows
18060582452042156,17841402627774708,atu_business,"ATU LeMoyne Smith School of Business",,0,"04/08/2025 09:05",https://instagram.com/stories/atu_business/3606332431692590484,"IG story",,Lifetime,209,163,1,0,0,229,1,,,
18102269428508834,17841402627774708,atu_business,"ATU LeMoyne Smith School of Business",,46,"04/30/2025 13:49",,"IG story",,Lifetime,213,201,0,0,0,224,,,,
18206233426306315,17841402627774708,atu_business,"ATU LeMoyne Smith School of Business","Our students are working hard on their final presentations! Excel Quest: BUAD 2003",0,"04/29/2025 12:22",,"IG story",,Lifetime,406,395,4,1,0,447,1,,,
18080052898775484,17841402627774708,atu_business,"ATU LeMoyne Smith School of Business",,0,"04/29/2025 08:36",,"IG story",,Lifetime,346,333,6,0,0,405,,,,
17970647045851579,17841402627774708,atu_business,"ATU LeMoyne Smith School of Business",,0,"04/28/2025 21:19",,"IG story",,Lifetime,285,270,3,0,0,286,,,,
18098031307528299,17841402627774708,atu_business,"ATU LeMoyne Smith School of Business","Vote for COBED senator in the
SGA election!",0,"04/28/2025 13:53",,"IG story",,Lifetime,380,317,4,1,0,259,1,,,
18158297422359092,17841402627774708,atu_business,"ATU LeMoyne Smith School of Business",,13,"04/28/2025 11:40",,"IG story",,Lifetime,239,222,2,0,0,225,1,,4,
18091234534582074,17841402627774708,atu_business,"ATU LeMoyne Smith School of Business",@atucareers,0,"04/28/2025 11:06",,"IG story",,Lifetime,319,284,2,0,0,294,,8,,
18061913465088227,17841402627774708,atu_business,"ATU LeMoyne Smith School of Business","Grand opening of @atucareercloset!  These students did an amazing job bringing the Career Closet to life!",5,"04/28/2025 10:30",,"IG story",,Lifetime,282,256,3,0,0,202,1,14,,
18493994695023540,17841402627774708,atu_business,"ATU LeMoyne Smith School of Business","but first we went to downtown bentonville to kill some time before some of their flights",0,"04/27/2025 15:45",https://instagram.com/stories/atu_business/3620304578961419458,"IG story",,Lifetime,252,232,1,0,0,281,2,,,
18298422826245064,17841402627774708,atu_business,"ATU LeMoyne Smith School of Business","Breakout Sessions were very informativeeeee and had to say our goodbyes 😔",0,"04/27/2025 15:45",https://instagram.com/stories/atu_business/3620304112697282739,"IG story",,Lifetime,271,241,3,0,0,289,1,,,
18270381643272839,17841402627774708,atu_business,"ATU LeMoyne Smith School of Business",,15,"04/27/2025 07:48",,"IG story",,Lifetime,247,210,3,0,0,287,,,,
18495272161063797,17841402627774708,atu_business,"ATU LeMoyne Smith School of Business","last day!! Breakfast  Interview Prep Lunch Downtown Bentonville End of Summit!",0,"04/27/2025 05:46",https://instagram.com/stories/atu_business/3620002987726194494,"IG story",,Lifetime,253,226,1,0,0,249,,,,
18079943767739054,17841402627774708,atu_business,"ATU LeMoyne Smith School of Business","-Food
-Bounce House
-Archery
-Basketball
-Game Room
-Movie
-Mini Golf
-Games
-And More! ended the day off with a “carnival” that included:",8,"04/26/2025 18:33",https://instagram.com/stories/atu_business/3619664280740258483,"IG story",,Lifetime,230,194,1,0,0,235,,,,
18141948346385045,17841402627774708,atu_business,"ATU LeMoyne Smith School of Business",@dannyant,9,"04/26/2025 18:25",https://instagram.com/stories/atu_business/3619659905351332520,"IG story",,Lifetime,235,200,1,0,0,249,,20,,
18083730988648893,17841402627774708,atu_business,"ATU LeMoyne Smith School of Business","After Walmart Home Office Tour nice little walk",0,"04/26/2025 18:20",https://instagram.com/stories/atu_business/3619657786246432905,"IG story",,Lifetime,248,207,1,0,0,294,,4,,
18370671466121030,17841402627774708,atu_business,"ATU LeMoyne Smith School of Business","guys wait this building has EVERYTHINGGGGG -Gym
-Track
-Racquetball 
-Soccer
-Basketball
-Indoor Pool
-Volleyball
-Cafeteria
-EVERYTHINGGGGG
 All for about $24 a MONTHHH",5,"04/26/2025 18:17",https://instagram.com/stories/atu_business/3619656029151929635,"IG story",,Lifetime,251,217,1,0,0,208,1,14,,
18404249131104303,17841402627774708,atu_business,"ATU LeMoyne Smith School of Business",,8,"04/26/2025 06:58",https://instagram.com/stories/atu_business/3619314503209221049,"IG story",,Lifetime,232,212,3,0,0,229,,,,
18040884863561262,17841402627774708,atu_business,"ATU LeMoyne Smith School of Business","day 2 Summit!",0,"04/26/2025 05:37",https://instagram.com/stories/atu_business/3619273605574354657,"IG story",,Lifetime,240,218,1,0,0,243,,,,
18054935267224474,17841402627774708,atu_business,"ATU LeMoyne Smith School of Business","networking done right",0,"04/25/2025 18:58",https://instagram.com/stories/atu_business/3618951720005222658,"IG story",,Lifetime,230,205,3,0,0,231,,,,
18506782723022506,17841402627774708,atu_business,"ATU LeMoyne Smith School of Business","fajita line!!!",0,"04/25/2025 18:53",https://instagram.com/stories/atu_business/3618949180001679337,"IG story",,Lifetime,231,207,1,0,0,246,1,,,
18069873271931878,17841402627774708,atu_business,"ATU LeMoyne Smith School of Business","Walmart Summit Top Golf! ⛳️",3,"04/25/2025 18:52",https://instagram.com/stories/atu_business/3618948738492562972,"IG story",,Lifetime,231,208,1,1,0,192,,,,
18223633156288217,17841402627774708,atu_business,"ATU LeMoyne Smith School of Business",,0,"04/25/2025 17:05",,"IG story",,Lifetime,204,190,3,0,0,228,,5,,
17925983349051504,17841402627774708,atu_business,"ATU LeMoyne Smith School of Business",,15,"04/25/2025 11:02",,"IG story",,Lifetime,182,165,2,0,0,204,,,,
18038276288285648,17841402627774708,atu_business,"ATU LeMoyne Smith School of Business",,24,"04/25/2025 09:17",https://instagram.com/stories/atu_business/3618659732861312016,"IG story",,Lifetime,201,183,4,0,1,191,,,,
17976123419836713,17841402627774708,atu_business,"ATU LeMoyne Smith School of Business",,32,"04/25/2025 08:51",https://instagram.com/stories/atu_business/3618646549148950634,"IG story",,Lifetime,211,187,1,2,0,201,1,,,
18097621561555331,17841402627774708,atu_business,"ATU LeMoyne Smith School of Business",@dannyant,14,"04/25/2025 08:50",https://instagram.com/stories/atu_business/3618646033903675381,"IG story",,Lifetime,223,197,3,0,1,200,,24,,
18063991313068334,17841402627774708,atu_business,"ATU LeMoyne Smith School of Business","Only 15 days until we watch our students become alumni 🥹",5,"04/24/2025 09:46",,"IG story",,Lifetime,190,170,0,0,0,196,,,,
18113278339467670,17841402627774708,atu_business,"ATU LeMoyne Smith School of Business","@atuagriculture_tourism  Plant Sale",5,"04/24/2025 07:54",https://instagram.com/stories/atu_business/3617893009234171035,"IG story",,Lifetime,1701,1311,0,0,0,189,,4,,
18055019417220239,17841402627774708,atu_business,"ATU LeMoyne Smith School of Business",,5,"04/24/2025 07:28",,"IG story",,Lifetime,187,175,2,0,0,185,,,,
18059847530320828,17841402627774708,atu_business,"ATU LeMoyne Smith School of Business","Landon means business 😎",0,"04/23/2025 19:25",,"IG story",,Lifetime,205,188,4,0,0,226,,,,1
18224111755292685,17841402627774708,atu_business,"ATU LeMoyne Smith School of Business",,4,"04/23/2025 12:06",,"IG story",,Lifetime,201,186,3,0,0,168,,,,
18307886134238534,17841402627774708,atu_business,"ATU LeMoyne Smith School of Business","Landmark Career Connection happening NOW in RTH 138!",0,"04/23/2025 10:09",,"IG story",,Lifetime,197,185,0,0,0,213,,,,
18062326115482351,17841402627774708,atu_business,"ATU LeMoyne Smith School of Business",,0,"04/23/2025 07:35",,"IG story",,Lifetime,597,493,2,0,0,208,1,,,
18304431508214326,17841402627774708,atu_business,"ATU LeMoyne Smith School of Business",,0,"04/22/2025 13:54",https://instagram.com/stories/atu_business/3616624490811165242,"IG story",,Lifetime,241,216,3,0,0,245,2,5,,
18066554611781832,17841402627774708,atu_business,"ATU LeMoyne Smith School of Business","TODAY AT 2PM! SEE YOU THERE!",0,"04/22/2025 09:56",,"IG story",,Lifetime,1506,1119,0,0,0,261,1,,,
18368455660135147,17841402627774708,atu_business,"ATU LeMoyne Smith School of Business",,5,"04/21/2025 10:12",,"IG story",,Lifetime,338,287,3,0,1,217,,,,
18052766078209734,17841402627774708,atu_business,"ATU LeMoyne Smith School of Business",,0,"04/19/2025 11:37",,"IG story",,Lifetime,312,288,0,0,0,306,,,,
18085635784620751,17841402627774708,atu_business,"ATU LeMoyne Smith School of Business",,15,"04/18/2025 12:20",,"IG story",,Lifetime,155,147,0,0,0,183,,,,
18166315411338209,17841402627774708,atu_business,"ATU LeMoyne Smith School of Business",,5,"04/18/2025 12:20",,"IG story",,Lifetime,154,148,3,0,0,148,,,,
18040779983395079,17841402627774708,atu_business,"ATU LeMoyne Smith School of Business",,0,"04/18/2025 10:12",,"IG story",,Lifetime,170,162,0,0,0,201,2,,,
18064680040821790,17841402627774708,atu_business,"ATU LeMoyne Smith School of Business",,0,"04/18/2025 08:37",,"IG story",,Lifetime,186,180,4,2,0,200,,,,
18058017505920721,17841402627774708,atu_business,"ATU LeMoyne Smith School of Business",,25,"04/17/2025 15:58",,"IG story",,Lifetime,186,172,1,0,0,196,1,,,
17987434124803150,17841402627774708,atu_business,"ATU LeMoyne Smith School of Business",,0,"04/17/2025 15:31",,"IG story",,Lifetime,193,177,0,0,0,215,,,,
18064536073974260,17841402627774708,atu_business,"ATU LeMoyne Smith School of Business","This is from drop 1 of 3! 3,000 eggs are up for grabs today!",0,"04/17/2025 08:05",,"IG story",,Lifetime,613,565,3,0,0,273,,,,
18073628008853805,17841402627774708,atu_business,"ATU LeMoyne Smith School of Business","Cash Cow’s Easter Egg Hunt has started! Redeem your eggs in Rothwell 413 for BUSINESS BUCKS!!!",0,"04/17/2025 07:39",,"IG story",,Lifetime,700,551,2,0,0,268,,,,
17921311446069235,17841402627774708,atu_business,"ATU LeMoyne Smith School of Business","Made it home safely! Thanks for coming along with us! We had so much fun, and learned even more, on this trip.",0,"04/16/2025 22:02",https://instagram.com/stories/atu_business/3612521626480331087,"IG story",,Lifetime,262,238,4,0,0,276,2,,,
18085602847618507,17841402627774708,atu_business,"ATU LeMoyne Smith School of Business",,0,"04/16/2025 14:19",,"IG story",,Lifetime,237,219,1,0,0,268,,,,
18082354120711506,17841402627774708,atu_business,"ATU LeMoyne Smith School of Business","Finishing the trip off with Santarpio’s Pizza. We had so much fun we can’t even begin to say how grateful we are!",5,"04/16/2025 10:18",https://instagram.com/stories/atu_business/3612167221934317747,"IG story",,Lifetime,223,199,1,0,1,246,,,,
18276164155251136,17841402627774708,atu_business,"ATU LeMoyne Smith School of Business","@go2atu @russellvilleschooldistrict  We had a great morning with Russellville High School!",0,"04/16/2025 10:13",,"IG story",,Lifetime,218,195,3,0,0,254,,2,,
18078657478702007,17841402627774708,atu_business,"ATU LeMoyne Smith School of Business","ArcBest Career Connection happening NOW in RTH 138!",0,"04/16/2025 10:10",,"IG story",,Lifetime,221,199,2,0,0,247,,,,
17906922003129893,17841402627774708,atu_business,"ATU LeMoyne Smith School of Business","Last meeting: Converse.",0,"04/16/2025 07:05",https://instagram.com/stories/atu_business/3612070573300304434,"IG story",,Lifetime,208,192,1,0,0,221,,,,
17985214961805081,17841402627774708,atu_business,"ATU LeMoyne Smith School of Business","When life gives you rain, go to broadway instead.",0,"04/15/2025 16:07",https://instagram.com/stories/atu_business/3611650631530472686,"IG story",,Lifetime,166,151,4,0,0,178,1,2,,
17906947380136644,17841402627774708,atu_business,"ATU LeMoyne Smith School of Business","Dinner at Lolita.",0,"04/15/2025 14:22",https://instagram.com/stories/atu_business/3611565472036464367,"IG story",,Lifetime,152,142,1,0,0,174,,,,
17920288763963011,17841402627774708,atu_business,"ATU LeMoyne Smith School of Business","Second meeting today: MullenLowe.",3,"04/15/2025 13:49",https://instagram.com/stories/atu_business/3611548540117900944,"IG story",,Lifetime,160,148,1,0,0,181,,,,
18306295165238580,17841402627774708,atu_business,"ATU LeMoyne Smith School of Business","We were able to keep what we chose or donate to students in need at Boston College! Teams were given $300 to shop for Macy’s spring fashion.",3,"04/15/2025 09:46",https://instagram.com/stories/atu_business/3611426390148589249,"IG story",,Lifetime,155,142,1,1,0,126,,,,
18082586593655566,17841402627774708,atu_business,"ATU LeMoyne Smith School of Business",,0,"04/15/2025 09:17",,"IG story",,Lifetime,920,782,1,0,0,181,,,,
17900111820172558,17841402627774708,atu_business,"ATU LeMoyne Smith School of Business",,0,"04/15/2025 08:57",,"IG story",,Lifetime,145,132,0,0,0,174,,2,,
18121287154394145,17841402627774708,atu_business,"ATU LeMoyne Smith School of Business",,4,"04/15/2025 08:55",,"IG story",,Lifetime,147,136,0,0,0,153,,,,
18056511218279624,17841402627774708,atu_business,"ATU LeMoyne Smith School of Business",,0,"04/15/2025 08:39",,"IG story",,Lifetime,148,138,0,0,0,161,,,,
18043320584167972,17841402627774708,atu_business,"ATU LeMoyne Smith School of Business",,5,"04/15/2025 08:35",,"IG story",,Lifetime,151,141,0,0,0,152,,,,
18025031639465295,17841402627774708,atu_business,"ATU LeMoyne Smith School of Business",,0,"04/15/2025 07:52",,"IG story",,Lifetime,156,143,0,0,0,179,1,,,
17964771668876556,17841402627774708,atu_business,"ATU LeMoyne Smith School of Business",,0,"04/15/2025 07:51",,"IG story",,Lifetime,161,147,0,0,0,183,,,,
18405044629099148,17841402627774708,atu_business,"ATU LeMoyne Smith School of Business","First meeting today: Macy’s.",5,"04/15/2025 06:17",https://instagram.com/stories/atu_business/3611320984737472491,"IG story",,Lifetime,179,163,3,0,0,179,,,,
17874703674320439,17841402627774708,atu_business,"ATU LeMoyne Smith School of Business",,6,"04/14/2025 17:15",,"IG story",,Lifetime,176,162,3,2,0,180,,,,
18309354142230834,17841402627774708,atu_business,"ATU LeMoyne Smith School of Business","About to make our own pasta from scratch!",5,"04/14/2025 14:56",https://instagram.com/stories/atu_business/3610857437112940429,"IG story",,Lifetime,181,164,2,0,0,198,,,,
18087664993550521,17841402627774708,atu_business,"ATU LeMoyne Smith School of Business",,0,"04/14/2025 13:43",https://instagram.com/stories/atu_business/3610821013208209419,"IG story",,Lifetime,194,174,6,0,0,218,,,,
18082696312631925,17841402627774708,atu_business,"ATU LeMoyne Smith School of Business",,0,"04/14/2025 10:16",,"IG story",,Lifetime,188,169,4,2,0,222,,,,
18044625800150836,17841402627774708,atu_business,"ATU LeMoyne Smith School of Business",,0,"04/14/2025 07:26",,"IG story",,Lifetime,335,269,0,0,0,241,,,,
17864580288369489,17841402627774708,atu_business,"ATU LeMoyne Smith School of Business","First meeting: SharkNinja. A little about NMGZ: 
A group dedicated to dispel negative myths about millenials and gen z by networking with top executives.",0,"04/14/2025 05:41",https://instagram.com/stories/atu_business/3610578234568110097,"IG story",,Lifetime,248,222,3,0,0,268,,2,,
18041155022406761,17841402627774708,atu_business,"ATU LeMoyne Smith School of Business","Bill surprised us with our second challenge: an escape room!",0,"04/13/2025 19:16",https://instagram.com/stories/atu_business/3610263552187059614,"IG story",,Lifetime,264,233,2,0,0,275,2,,,
18066483590309068,17841402627774708,atu_business,"ATU LeMoyne Smith School of Business","Dinner was so good! We did an activity to get to know each other.",0,"04/13/2025 17:37",https://instagram.com/stories/atu_business/3610261034850320531,"IG story",,Lifetime,261,234,1,0,0,284,,,,
18062445647095442,17841402627774708,atu_business,"ATU LeMoyne Smith School of Business","Landed safely. Headed to dinner at Ostra.",0,"04/13/2025 14:46",https://instagram.com/stories/atu_business/3610127767142381411,"IG story",,Lifetime,295,262,2,0,0,366,,,,
18033762818330172,17841402627774708,atu_business,"ATU LeMoyne Smith School of Business","@atucampuslife @atustudentwellness  out of the darkness walk <3",0,"04/13/2025 11:58",,"IG story",,Lifetime,483,396,3,0,0,390,,4,,
17897021172187407,17841402627774708,atu_business,"ATU LeMoyne Smith School of Business","We flew from Little Rock to Dallas and are waiting for our flight to Boston. We are attending a three day conference for the National Millenial and Gen Z Community.",0,"04/13/2025 07:36",https://instagram.com/stories/atu_business/3609911385110593851,"IG story",,Lifetime,335,298,2,0,0,429,1,,,
18040160981242533,17841402627774708,atu_business,"ATU LeMoyne Smith School of Business","Hello ATU!  This is Nikki Victory and Allie Stoll, and we’ll be doing a social media takeover.",5,"04/13/2025 07:30",https://instagram.com/stories/atu_business/3609908387315695907,"IG story",,Lifetime,345,309,3,0,0,361,1,,,
17983921451671800,17841402627774708,atu_business,"ATU LeMoyne Smith School of Business",,0,"04/11/2025 13:00",,"IG story",,Lifetime,139,132,0,0,0,148,,,,
18072641125886440,17841402627774708,atu_business,"ATU LeMoyne Smith School of Business",,15,"04/11/2025 12:14",https://instagram.com/stories/atu_business/3608601539524424170,"IG story",,Lifetime,141,135,1,0,0,142,,,,
18099156256471339,17841402627774708,atu_business,"ATU LeMoyne Smith School of Business",,15,"04/11/2025 10:04",,"IG story",,Lifetime,146,134,3,0,0,163,2,,,
18014035382519972,17841402627774708,atu_business,"ATU LeMoyne Smith School of Business",,0,"04/11/2025 09:05",https://instagram.com/stories/atu_business/3608506688946315016,"IG story",,Lifetime,156,142,1,0,0,177,,3,,
18063145465838083,17841402627774708,atu_business,"ATU LeMoyne Smith School of Business","Today is the LAST DAY of the #YouMatterATU campaign! Participate before 1PM to win a prize and be entered to win an iPad! @arkansastech @atucampuslife",0,"04/11/2025 09:02",https://instagram.com/stories/atu_business/3608505129885707476,"IG story",,Lifetime,1466,1143,1,0,0,173,,,,
17851279428431664,17841402627774708,atu_business,"ATU LeMoyne Smith School of Business",,0,"04/11/2025 08:03",https://instagram.com/stories/atu_business/3608475288335349606,"IG story",,Lifetime,165,149,3,0,0,189,,8,,
18355829026177148,17841402627774708,atu_business,"ATU LeMoyne Smith School of Business","Stop by the @atu_shima 
bake sale in the 
Rothwell lobby!",0,"04/11/2025 06:44",,"IG story",,Lifetime,173,154,3,0,0,180,,39,,
18184666288313406,17841402627774708,atu_business,"ATU LeMoyne Smith School of Business",,0,"04/11/2025 05:08",https://instagram.com/stories/atu_business/3608387200196374913,"IG story",,Lifetime,165,144,1,0,0,173,,,,
18143080510379826,17841402627774708,atu_business,"ATU LeMoyne Smith School of Business",,15,"04/11/2025 05:07",https://instagram.com/stories/atu_business/3608386828648141748,"IG story",,Lifetime,164,148,1,0,0,160,,,,
17888850831125493,17841402627774708,atu_business,"ATU LeMoyne Smith School of Business",,8,"04/10/2025 14:57",https://instagram.com/stories/atu_business/3607959116334944095,"IG story",,Lifetime,204,172,1,0,0,217,1,3,,
17874949761216748,17841402627774708,atu_business,"ATU LeMoyne Smith School of Business",,0,"04/10/2025 14:14",https://instagram.com/stories/atu_business/3607937138098207267,"IG story",,Lifetime,201,173,2,0,0,207,,5,,
17856863814356199,17841402627774708,atu_business,"ATU LeMoyne Smith School of Business",,0,"04/10/2025 11:01",https://instagram.com/stories/atu_business/3607840158147542675,"IG story",,Lifetime,191,170,1,0,0,196,,,,
17950931876956180,17841402627774708,atu_business,"ATU LeMoyne Smith School of Business",,0,"04/10/2025 11:01",https://instagram.com/stories/atu_business/3607840116632272128,"IG story",,Lifetime,192,171,1,0,0,197,,6,,
18036616115554617,17841402627774708,atu_business,"ATU LeMoyne Smith School of Business",,0,"04/10/2025 10:02",https://instagram.com/stories/atu_business/3607810501389984999,"IG story",,Lifetime,194,173,1,0,0,210,,2,,
18111190828480886,17841402627774708,atu_business,"ATU LeMoyne Smith School of Business","don’t forget to participate in #YouMatterATU today and tomorrow!",0,"04/10/2025 10:02",https://instagram.com/stories/atu_business/3607810452496749554,"IG story",,Lifetime,197,175,1,0,0,224,,,,
17928933264018947,17841402627774708,atu_business,"ATU LeMoyne Smith School of Business","Dr. Jones asking the important questions 🤔",0,"04/10/2025 09:11",,"IG story",,Lifetime,186,162,3,0,0,238,,,,
18086880448552099,17841402627774708,atu_business,"ATU LeMoyne Smith School of Business","High School Business Challenge Finalist Presentations!",0,"04/10/2025 08:34",,"IG story",,Lifetime,183,162,5,1,0,202,,,,
17973335855719352,17841402627774708,atu_business,"ATU LeMoyne Smith School of Business",,0,"04/10/2025 08:22",,"IG story",,Lifetime,576,480,0,0,0,201,,,,
18028068740399235,17841402627774708,atu_business,"ATU LeMoyne Smith School of Business",,0,"04/10/2025 07:25",,"IG story",,Lifetime,187,170,0,0,0,218,,,,
18067102108937699,17841402627774708,atu_business,"ATU LeMoyne Smith School of Business",,0,"04/10/2025 05:11",https://instagram.com/stories/atu_business/3607664220642330983,"IG story",,Lifetime,199,181,3,0,0,199,1,2,,
18066285316777150,17841402627774708,atu_business,"ATU LeMoyne Smith School of Business",,36,"04/09/2025 20:59",https://instagram.com/stories/atu_business/3607416209139910141,"IG story",,Lifetime,192,167,0,0,0,205,1,,,
17917074819066080,17841402627774708,atu_business,"ATU LeMoyne Smith School of Business",@atucareers,0,"04/09/2025 13:50",,"IG story",,Lifetime,165,143,4,0,0,191,,2,,
18041507135432348,17841402627774708,atu_business,"ATU LeMoyne Smith School of Business","Uncle Charlie says… #youmatteratu",0,"04/09/2025 12:07",https://instagram.com/stories/atu_business/3607148771861287568,"IG story",,Lifetime,293,249,2,0,0,194,,,,
18030027230364497,17841402627774708,atu_business,"ATU LeMoyne Smith School of Business",,6,"04/09/2025 11:29",,"IG story",,Lifetime,166,145,2,0,0,176,1,,,
18078056485746769,17841402627774708,atu_business,"ATU LeMoyne Smith School of Business",,15,"04/09/2025 10:59",https://instagram.com/stories/atu_business/3607114560533612725,"IG story",,Lifetime,175,150,5,0,0,206,,2,,
18071797315856070,17841402627774708,atu_business,"ATU LeMoyne Smith School of Business",,0,"04/09/2025 10:50",https://instagram.com/stories/atu_business/3607110049119477148,"IG story",,Lifetime,176,151,2,0,0,204,,,,
18093527953496684,17841402627774708,atu_business,"ATU LeMoyne Smith School of Business",#YouMatterATU,0,"04/09/2025 10:39",https://instagram.com/stories/atu_business/3607104219196405990,"IG story",,Lifetime,179,149,3,0,0,197,,,,
18082077397592019,17841402627774708,atu_business,"ATU LeMoyne Smith School of Business",,0,"04/09/2025 10:31",https://instagram.com/stories/atu_business/3607100348453805902,"IG story",,Lifetime,176,150,3,0,0,207,,,,
18077189596782773,17841402627774708,atu_business,"ATU LeMoyne Smith School of Business","Windstream Career Connection happening NOW in RTH 138!",0,"04/09/2025 10:19",,"IG story",,Lifetime,164,141,1,0,0,202,,,,
17963981279879584,17841402627774708,atu_business,"ATU LeMoyne Smith School of Business","the anticipation… #YouMatterATU",0,"04/09/2025 09:22",https://instagram.com/stories/atu_business/3607065848763889558,"IG story",,Lifetime,172,145,2,0,0,214,,,,
17988775385648401,17841402627774708,atu_business,"ATU LeMoyne Smith School of Business","winners rocking their new shirts <3<3<3 #YouMatterATU",0,"04/09/2025 09:21",https://instagram.com/stories/atu_business/3607065362702730503,"IG story",,Lifetime,478,392,4,0,0,229,,,,
18064999945790447,17841402627774708,atu_business,"ATU LeMoyne Smith School of Business",,0,"04/09/2025 08:36",,"IG story",,Lifetime,171,140,2,0,0,227,,,,
18004893599579838,17841402627774708,atu_business,"ATU LeMoyne Smith School of Business",,0,"04/09/2025 07:52",,"IG story",,Lifetime,293,233,0,0,0,219,,,6,
18078091492686001,17841402627774708,atu_business,"ATU LeMoyne Smith School of Business",,0,"04/09/2025 07:20",https://instagram.com/stories/atu_business/3607004108168704033,"IG story",,Lifetime,190,156,3,0,0,199,,4,,
18087953305608065,17841402627774708,atu_business,"ATU LeMoyne Smith School of Business",,0,"04/08/2025 16:54",https://instagram.com/stories/atu_business/3606568595448368119,"IG story",,Lifetime,203,154,1,0,0,223,1,,,
17963291753885624,17841402627774708,atu_business,"ATU LeMoyne Smith School of Business",,0,"04/08/2025 11:06",https://instagram.com/stories/atu_business/3606393006329698664,"IG story",,Lifetime,197,155,1,0,0,219,,,,
17872289967337586,17841402627774708,atu_business,"ATU LeMoyne Smith School of Business",,0,"04/08/2025 10:37",https://instagram.com/stories/atu_business/3606378847962390235,"IG story",,Lifetime,194,154,2,0,0,215,1,,,
17853136305424194,17841402627774708,atu_business,"ATU LeMoyne Smith School of Business",,5,"04/08/2025 10:09",https://instagram.com/stories/atu_business/3606364611882169382,"IG story",,Lifetime,199,157,2,0,0,217,,5,,
18086703910537435,17841402627774708,atu_business,"ATU LeMoyne Smith School of Business",,0,"04/08/2025 10:09",https://instagram.com/stories/atu_business/3606364520152727328,"IG story",,Lifetime,200,158,2,0,0,209,,6,,
17868388041350505,17841402627774708,atu_business,"ATU LeMoyne Smith School of Business",,15,"04/08/2025 09:33",https://instagram.com/stories/atu_business/3606346198468022249,"IG story",,Lifetime,200,158,3,1,0,226,,10,,
18042497783138300,17841402627774708,atu_business,"ATU LeMoyne Smith School of Business",,0,"03/14/2025 08:04",,"IG story",,Lifetime,1476,1095,3,0,0,206,,,,
18004573640706843,17841402627774708,atu_business,"ATU LeMoyne Smith School of Business",,0,"04/08/2025 08:08",https://instagram.com/stories/atu_business/3606303664521731903,"IG story",,Lifetime,214,170,2,0,0,226,,,,
17849030268441661,17841402627774708,atu_business,"ATU LeMoyne Smith School of Business",,0,"04/08/2025 07:45",,"IG story",,Lifetime,203,165,2,0,0,234,,,,
18082350094645844,17841402627774708,atu_business,"ATU LeMoyne Smith School of Business",,0,"04/08/2025 07:44",https://instagram.com/stories/atu_business/3606291574281114088,"IG story",,Lifetime,221,174,2,0,0,263,1,3,,
18336862777091734,17841402627774708,atu_business,"ATU LeMoyne Smith School of Business",,0,"04/08/2025 07:44",https://instagram.com/stories/atu_business/3606291531851607182,"IG story",,Lifetime,237,183,1,0,0,274,3,18,,
17920660382960214,17841402627774708,atu_business,"ATU LeMoyne Smith School of Business",,15,"04/08/2025 05:10",https://instagram.com/stories/atu_business/3606214056870397376,"IG story",,Lifetime,260,195,1,0,0,295,2,10,,
17889226047122351,17841402627774708,atu_business,"ATU LeMoyne Smith School of Business",,0,"04/07/2025 15:47",https://instagram.com/stories/atu_business/3605809617453535277,"IG story",,Lifetime,221,193,0,0,0,238,1,4,,
18057573199905214,17841402627774708,atu_business,"ATU LeMoyne Smith School of Business",,0,"04/07/2025 15:47",https://instagram.com/stories/atu_business/3605809601641013684,"IG story",,Lifetime,222,196,0,0,0,248,2,4,,
17929124658042027,17841402627774708,atu_business,"ATU LeMoyne Smith School of Business",,0,"04/07/2025 15:46",,"IG story",,Lifetime,200,179,0,0,0,236,2,,,
17856677460353192,17841402627774708,atu_business,"ATU LeMoyne Smith School of Business",,0,"04/07/2025 15:46",,"IG story",,Lifetime,205,183,1,1,0,257,,,,
18044982899377190,17841402627774708,atu_business,"ATU LeMoyne Smith School of Business","highlights from day one of #YouMatterATU @arkansastech",0,"04/07/2025 15:42",https://instagram.com/stories/atu_business/3605807388063587987,"IG story",,Lifetime,1209,1048,4,0,0,268,,2,,
17994738692792315,17841402627774708,atu_business,"ATU LeMoyne Smith School of Business",,0,"04/07/2025 12:59",https://instagram.com/stories/atu_business/3605725171841417116,"IG story",,Lifetime,241,203,3,0,0,292,1,8,,
18068075521910113,17841402627774708,atu_business,"ATU LeMoyne Smith School of Business",,0,"04/07/2025 11:02",https://instagram.com/stories/atu_business/3605666580547109489,"IG story",,Lifetime,255,208,5,1,0,307,,4,,
18065706439944651,17841402627774708,atu_business,"ATU LeMoyne Smith School of Business",,0,"04/07/2025 10:07",https://instagram.com/stories/atu_business/3605638693634960103,"IG story",,Lifetime,258,210,4,0,0,322,,2,,
18007969556558446,17841402627774708,atu_business,"ATU LeMoyne Smith School of Business",,0,"04/07/2025 10:07",https://instagram.com/stories/atu_business/3605638633773787891,"IG story",,Lifetime,261,212,2,0,0,335,,,,
18096357358558895,17841402627774708,atu_business,"ATU LeMoyne Smith School of Business",,15,"04/07/2025 08:56",https://instagram.com/stories/atu_business/3605603110798590237,"IG story",,Lifetime,275,228,4,0,0,361,,2,,
17872942533332584,17841402627774708,atu_business,"ATU LeMoyne Smith School of Business",#youmatteratu,31,"04/07/2025 07:34",https://instagram.com/stories/atu_business/3605561809077395351,"IG story",,Lifetime,307,251,4,1,0,294,5,6,,
18164578168340139,17841402627774708,atu_business,"ATU LeMoyne Smith School of Business",,50,"04/05/2025 10:59",https://instagram.com/stories/atu_business/3604215322250629171,"IG story",,Lifetime,473,413,0,0,0,164,,,,
17853806073376059,17841402627774708,atu_business,"ATU LeMoyne Smith School of Business",,0,"04/05/2025 09:22",,"IG story",,Lifetime,179,175,1,0,0,180,,2,,
18023615609474568,17841402627774708,atu_business,"ATU LeMoyne Smith School of Business",,0,"04/04/2025 16:45",,"IG story",,Lifetime,180,170,1,0,0,193,,,,
18135781642402375,17841402627774708,atu_business,"ATU LeMoyne Smith School of Business",,0,"04/04/2025 16:38",https://instagram.com/stories/atu_business/3603661421164258068,"IG story",,Lifetime,203,183,1,0,0,197,,,,
18043934558387450,17841402627774708,atu_business,"ATU LeMoyne Smith School of Business",,0,"04/04/2025 16:29",,"IG story",,Lifetime,1551,1178,3,0,1,208,,,23,
17856308151351895,17841402627774708,atu_business,"ATU LeMoyne Smith School of Business",,0,"04/03/2025 09:57",,"IG story",,Lifetime,247,240,1,0,0,266,1,,,
18293624038244452,17841402627774708,atu_business,"ATU LeMoyne Smith School of Business",@COURTNEYLMAYBERRY,5,"03/31/2025 17:46",,"IG story",,Lifetime,171,161,4,0,0,184,2,5,,
17940491777994477,17841402627774708,atu_business,"ATU LeMoyne Smith School of Business",,0,"03/31/2025 12:55",,"IG story",,Lifetime,178,165,2,0,0,197,1,,,
18220427002295436,17841402627774708,atu_business,"ATU LeMoyne Smith School of Business","@go2atu @uaccm @uaccmstulife  We’re at UACCM today with Tech on Tour! Stop by the pavilion next to the student union to learn more about our 2+2 transfer programs!",5,"03/31/2025 08:12",,"IG story",,Lifetime,460,434,3,0,0,247,,,,
18062866364298256,17841402627774708,atu_business,"ATU LeMoyne Smith School of Business","SCHOLARSHIP
OPPORTUNITY! JOCO HS SENIORS!",0,"03/29/2025 10:56",,"IG story",,Lifetime,373,333,0,0,0,253,,,,
17944092713844250,17841402627774708,atu_business,"ATU LeMoyne Smith School of Business",,0,"03/28/2025 10:26",,"IG story",,Lifetime,273,239,2,0,0,224,1,,,
17943917501968174,17841402627774708,atu_business,"ATU LeMoyne Smith School of Business",,0,"03/28/2025 10:26",,"IG story",,Lifetime,310,272,3,0,0,227,,,,
17941997693987951,17841402627774708,atu_business,"ATU LeMoyne Smith School of Business","CUT THE CAMERAS!",32,"03/27/2025 17:49",https://instagram.com/stories/atu_business/3597898953895481446,"IG story",,Lifetime,201,180,3,1,0,202,,2,,
18492732829016164,17841402627774708,atu_business,"ATU LeMoyne Smith School of Business",,14,"03/27/2025 13:51",https://instagram.com/stories/atu_business/3597778858365513246,"IG story",,Lifetime,177,151,3,2,0,174,,,,
17965811261895810,17841402627774708,atu_business,"ATU LeMoyne Smith School of Business","Successfully made it to",0,"03/27/2025 13:06",https://instagram.com/stories/atu_business/3597756324509133173,"IG story",,Lifetime,164,144,2,0,0,172,,10,,
18041155631530094,17841402627774708,atu_business,"ATU LeMoyne Smith School of Business","Snack time🌝",0,"03/27/2025 12:47",https://instagram.com/stories/atu_business/3597746533577575583,"IG story",,Lifetime,159,138,0,0,0,162,,,,
17869106316341229,17841402627774708,atu_business,"ATU LeMoyne Smith School of Business","Do not tell @_livjohnson34 about the hunger games books…",0,"03/27/2025 12:16",,"IG story",,Lifetime,225,188,1,0,0,168,,9,,
17876756259291568,17841402627774708,atu_business,"ATU LeMoyne Smith School of Business",,0,"03/27/2025 12:14",https://instagram.com/stories/atu_business/3597729972863334884,"IG story",,Lifetime,163,142,1,0,0,173,,,,
18391653775111572,17841402627774708,atu_business,"ATU LeMoyne Smith School of Business",,29,"03/27/2025 10:47",https://instagram.com/stories/atu_business/3597686190142504362,"IG story",,Lifetime,169,145,0,0,0,174,,,,
18070420219807343,17841402627774708,atu_business,"ATU LeMoyne Smith School of Business","!Mic Crackle Warning!",30,"03/27/2025 10:07",https://instagram.com/stories/atu_business/3597666243449184394,"IG story",,Lifetime,170,144,1,2,0,173,,,,
18063461830812742,17841402627774708,atu_business,"ATU LeMoyne Smith School of Business",,0,"03/27/2025 09:08",https://instagram.com/stories/atu_business/3597636589996602071,"IG story",,Lifetime,169,143,0,0,0,190,,,,
18355503358182815,17841402627774708,atu_business,"ATU LeMoyne Smith School of Business",,45,"03/27/2025 06:44",https://instagram.com/stories/atu_business/3597563878423287048,"IG story",,Lifetime,158,128,2,0,0,143,,,,
17928596715041472,17841402627774708,atu_business,"ATU LeMoyne Smith School of Business",,45,"03/27/2025 06:31",https://instagram.com/stories/atu_business/3597557373520444218,"IG story",,Lifetime,158,132,1,0,0,150,,,,
18075891862813611,17841402627774708,atu_business,"ATU LeMoyne Smith School of Business",,28,"03/27/2025 06:30",https://instagram.com/stories/atu_business/3597556811760461123,"IG story",,Lifetime,159,135,0,0,0,153,,,,
18308339077225673,17841402627774708,atu_business,"ATU LeMoyne Smith School of Business",,60,"03/27/2025 06:27",https://instagram.com/stories/atu_business/3597555467444194629,"IG story",,Lifetime,170,143,2,0,0,161,,,,
18056725976155142,17841402627774708,atu_business,"ATU LeMoyne Smith School of Business",👏🏼👏🏼👏🏼,42,"03/26/2025 21:21",https://instagram.com/stories/atu_business/3597280573253535068,"IG story",,Lifetime,179,147,2,0,0,171,1,2,,
18075059587767803,17841402627774708,atu_business,"ATU LeMoyne Smith School of Business",,4,"03/26/2025 18:31",https://instagram.com/stories/atu_business/3597194842070920730,"IG story",,Lifetime,163,133,2,0,0,147,,,,
17884305432144020,17841402627774708,atu_business,"ATU LeMoyne Smith School of Business",,0,"03/26/2025 18:28",https://instagram.com/stories/atu_business/3597193886289717277,"IG story",,Lifetime,166,134,0,0,0,185,,,,
18053095250188257,17841402627774708,atu_business,"ATU LeMoyne Smith School of Business",,27,"03/26/2025 18:28",https://instagram.com/stories/atu_business/3597193385187836791,"IG story",,Lifetime,173,137,2,1,0,179,2,2,,
18135190165403356,17841402627774708,atu_business,"ATU LeMoyne Smith School of Business",,0,"03/26/2025 16:11",,"IG story",,Lifetime,139,120,0,0,0,147,1,,,
17943578891972747,17841402627774708,atu_business,"ATU LeMoyne Smith School of Business",,0,"03/26/2025 16:11",https://instagram.com/stories/atu_business/3597124747361856274,"IG story",,Lifetime,154,127,1,0,0,143,,,,
18024448160445584,17841402627774708,atu_business,"ATU LeMoyne Smith School of Business",,52,"03/26/2025 16:09",https://instagram.com/stories/atu_business/3597124785790045409,"IG story",,Lifetime,150,126,2,0,0,150,,,,
18025468361408802,17841402627774708,atu_business,"ATU LeMoyne Smith School of Business","DAY FOUR:",0,"03/26/2025 15:30",https://instagram.com/stories/atu_business/3597104215873339911,"IG story",,Lifetime,781,646,1,0,0,156,,,,
17884227072143658,17841402627774708,atu_business,"ATU LeMoyne Smith School of Business",,35,"03/26/2025 14:56",https://instagram.com/stories/atu_business/3597123131825076941,"IG story",,Lifetime,130,110,1,0,0,117,,,,
18263157022302826,17841402627774708,atu_business,"ATU LeMoyne Smith School of Business",,0,"03/26/2025 12:51",https://instagram.com/stories/atu_business/3597023927702591074,"IG story",,Lifetime,279,228,2,0,0,175,,,,
18350306467151129,17841402627774708,atu_business,"ATU LeMoyne Smith School of Business",AYEEEE,0,"03/26/2025 10:46",https://instagram.com/stories/atu_business/3596961300175148634,"IG story",,Lifetime,150,125,1,0,0,172,,2,,
18088619491586663,17841402627774708,atu_business,"ATU LeMoyne Smith School of Business",,0,"03/26/2025 08:44",https://instagram.com/stories/atu_business/3596899638720906590,"IG story",,Lifetime,158,132,3,0,0,171,,,,
18063329707825858,17841402627774708,atu_business,"ATU LeMoyne Smith School of Business",,26,"03/26/2025 08:04",https://instagram.com/stories/atu_business/3596881756554290460,"IG story",,Lifetime,154,130,1,0,0,148,,4,,
18061938356044685,17841402627774708,atu_business,"ATU LeMoyne Smith School of Business",,7,"03/26/2025 07:44",https://instagram.com/stories/atu_business/3596869600370964895,"IG story",,Lifetime,152,130,1,0,0,132,,,,
18060186716046493,17841402627774708,atu_business,"ATU LeMoyne Smith School of Business",,0,"03/26/2025 07:44",https://instagram.com/stories/atu_business/3596869437027945560,"IG story",,Lifetime,152,133,1,0,0,139,,2,,
17925672087047840,17841402627774708,atu_business,"ATU LeMoyne Smith School of Business","Check us out on @arkansastech 😎",23,"03/26/2025 07:43",https://instagram.com/stories/atu_business/3596869165765614521,"IG story",,Lifetime,159,138,2,0,0,133,,4,,
18098774512465944,17841402627774708,atu_business,"ATU LeMoyne Smith School of Business",,0,"03/26/2025 07:27",https://instagram.com/stories/atu_business/3596860927358737761,"IG story",,Lifetime,156,136,0,0,0,144,,,,
18450733684072071,17841402627774708,atu_business,"ATU LeMoyne Smith School of Business",,0,"03/26/2025 07:19",https://instagram.com/stories/atu_business/3596856699022199164,"IG story",,Lifetime,157,136,0,0,0,143,,,,
18038036093214457,17841402627774708,atu_business,"ATU LeMoyne Smith School of Business",,48,"03/26/2025 07:05",https://instagram.com/stories/atu_business/3596851733368683266,"IG story",,Lifetime,158,137,1,2,0,131,,,,
18063356764983334,17841402627774708,atu_business,"ATU LeMoyne Smith School of Business",,8,"03/26/2025 05:52",https://instagram.com/stories/atu_business/3596812859770924967,"IG story",,Lifetime,170,144,2,0,0,140,,2,,
18038201237569639,17841402627774708,atu_business,"ATU LeMoyne Smith School of Business",,0,"03/26/2025 00:01",https://instagram.com/stories/atu_business/3596636348795234944,"IG story",,Lifetime,168,144,2,0,0,160,,2,,
18286167166164924,17841402627774708,atu_business,"ATU LeMoyne Smith School of Business",,11,"03/26/2025 00:01",https://instagram.com/stories/atu_business/3596636273960327709,"IG story",,Lifetime,172,148,2,0,0,136,,,,
18075418834751590,17841402627774708,atu_business,"ATU LeMoyne Smith School of Business",,38,"03/25/2025 19:38",https://instagram.com/stories/atu_business/3596504216256934625,"IG story",,Lifetime,182,158,3,0,0,155,,,,
18065467942767514,17841402627774708,atu_business,"ATU LeMoyne Smith School of Business","POV: the noise canceling mic doesn’t work in the garden",32,"03/25/2025 17:54",https://instagram.com/stories/atu_business/3596454203787086234,"IG story",,Lifetime,181,156,4,0,0,168,1,,,
18007013327559623,17841402627774708,atu_business,"ATU LeMoyne Smith School of Business",,30,"03/25/2025 16:04",https://instagram.com/stories/atu_business/3596396535764700935,"IG story",,Lifetime,177,150,1,0,0,160,,,,
18015436430686841,17841402627774708,atu_business,"ATU LeMoyne Smith School of Business",AYEEE,0,"03/25/2025 15:38",https://instagram.com/stories/atu_business/3596383354652675676,"IG story",,Lifetime,173,147,0,1,0,158,,,,
18022984589467158,17841402627774708,atu_business,"ATU LeMoyne Smith School of Business",Grub👹,0,"03/25/2025 14:12",https://instagram.com/stories/atu_business/3596340029607685093,"IG story",,Lifetime,177,152,0,0,0,173,1,,,
18028721708357174,17841402627774708,atu_business,"ATU LeMoyne Smith School of Business","Chat we made it to Chinatown and Little Italy",0,"03/25/2025 14:12",https://instagram.com/stories/atu_business/3596339720370207228,"IG story",,Lifetime,181,157,0,0,0,186,,,,
18062726158964673,17841402627774708,atu_business,"ATU LeMoyne Smith School of Business",,0,"03/25/2025 12:16",https://instagram.com/stories/atu_business/3596281501333459032,"IG story",,Lifetime,177,155,1,1,0,180,,4,,
18402151051101982,17841402627774708,atu_business,"ATU LeMoyne Smith School of Business",,0,"03/25/2025 10:29",https://instagram.com/stories/atu_business/3596227777214617087,"IG story",,Lifetime,189,169,1,0,0,185,,,,
18080796880725965,17841402627774708,atu_business,"ATU LeMoyne Smith School of Business",,45,"03/25/2025 09:35",https://instagram.com/stories/atu_business/3596200383576283694,"IG story",,Lifetime,175,154,0,0,0,141,,,,
17871214209335025,17841402627774708,atu_business,"ATU LeMoyne Smith School of Business",,27,"03/25/2025 09:08",https://instagram.com/stories/atu_business/3596186828206546778,"IG story",,Lifetime,185,157,0,0,0,152,,,,
18062085715832781,17841402627774708,atu_business,"ATU LeMoyne Smith School of Business","Videographer is fired for cutting me off… Someone sponsor us so we can add intro music🙏🏼🙏🏼",60,"03/25/2025 08:57",https://instagram.com/stories/atu_business/3596182358160638456,"IG story",,Lifetime,193,159,2,0,0,163,,11,,
18495525361052793,17841402627774708,atu_business,"ATU LeMoyne Smith School of Business",Mother.,0,"03/25/2025 07:30",https://instagram.com/stories/atu_business/3596137752207501772,"IG story",,Lifetime,188,158,2,0,0,182,,,,
18029021570344347,17841402627774708,atu_business,"ATU LeMoyne Smith School of Business","DAY TWO:",0,"03/25/2025 07:03",https://instagram.com/stories/atu_business/3596123990242918926,"IG story",,Lifetime,1703,1552,1,0,0,179,,,,
17886339816246794,17841402627774708,atu_business,"ATU LeMoyne Smith School of Business",,49,"03/25/2025 07:01",https://instagram.com/stories/atu_business/3596123064157539179,"IG story",,Lifetime,204,169,1,0,0,165,,,,
17901224577140776,17841402627774708,atu_business,"ATU LeMoyne Smith School of Business",,60,"03/24/2025 20:18",https://instagram.com/stories/atu_business/3595799378191848292,"IG story",,Lifetime,212,167,2,0,0,176,,,,
18053136224268549,17841402627774708,atu_business,"ATU LeMoyne Smith School of Business",Studious😜,0,"03/24/2025 18:44",https://instagram.com/stories/atu_business/3595752058523923006,"IG story",,Lifetime,259,209,3,0,0,214,1,,,
17872655817317470,17841402627774708,atu_business,"ATU LeMoyne Smith School of Business",,59,"03/24/2025 17:46",https://instagram.com/stories/atu_business/3595723611613409077,"IG story",,Lifetime,204,165,4,0,0,182,1,,,
17958645623778954,17841402627774708,atu_business,"ATU LeMoyne Smith School of Business",,0,"03/24/2025 15:14",,"IG story",,Lifetime,181,154,1,0,0,194,,14,,
18000667313598001,17841402627774708,atu_business,"ATU LeMoyne Smith School of Business",,19,"03/24/2025 15:14",https://instagram.com/stories/atu_business/3595646333701230116,"IG story",,Lifetime,215,165,0,1,0,173,,,,
17878325250184167,17841402627774708,atu_business,"ATU LeMoyne Smith School of Business",,24,"03/24/2025 13:52",https://instagram.com/stories/atu_business/3595611402188559014,"IG story",,Lifetime,223,167,2,1,0,193,1,,,
18023706140673440,17841402627774708,atu_business,"ATU LeMoyne Smith School of Business","New Whip🙌🏼 💚",0,"03/24/2025 13:41",https://instagram.com/stories/atu_business/3595599579452265105,"IG story",,Lifetime,213,170,2,0,0,204,,,,
17873516298312711,17841402627774708,atu_business,"ATU LeMoyne Smith School of Business",,26,"03/24/2025 10:32",https://instagram.com/stories/atu_business/3595528423285865296,"IG story",,Lifetime,213,169,1,0,0,189,,,,
17947876010951914,17841402627774708,atu_business,"ATU LeMoyne Smith School of Business","Family Dinner:",0,"03/24/2025 10:22",https://instagram.com/stories/atu_business/3595537085975221341,"IG story",,Lifetime,218,174,1,0,0,203,,,,
18049261727042480,17841402627774708,atu_business,"ATU LeMoyne Smith School of Business",,49,"03/24/2025 08:30",https://instagram.com/stories/atu_business/3595443228229323572,"IG story",,Lifetime,230,183,0,0,0,212,,,,
18084892888625660,17841402627774708,atu_business,"ATU LeMoyne Smith School of Business",,21,"03/24/2025 08:17",https://instagram.com/stories/atu_business/3595438670136597664,"IG story",,Lifetime,232,183,1,0,0,203,,,,
18068285788898610,17841402627774708,atu_business,"ATU LeMoyne Smith School of Business","Way Finder",0,"03/24/2025 07:43",https://instagram.com/stories/atu_business/3595419463579817506,"IG story",,Lifetime,403,348,1,0,0,226,,,,
18004956215566370,17841402627774708,atu_business,"ATU LeMoyne Smith School of Business",,35,"03/24/2025 06:35",https://instagram.com/stories/atu_business/3595396224795145378,"IG story",,Lifetime,235,194,3,1,0,214,,,,
17889019233227603,17841402627774708,atu_business,"ATU LeMoyne Smith School of Business","NYC DAY ONE:",0,"03/24/2025 06:16",https://instagram.com/stories/atu_business/3595375498851527622,"IG story",,Lifetime,1526,1309,3,0,0,264,,,,
18093635215493233,17841402627774708,atu_business,"ATU LeMoyne Smith School of Business",,56,"03/23/2025 18:18",https://instagram.com/stories/atu_business/3595014252507753420,"IG story",,Lifetime,277,226,1,0,0,237,,,,
18352045897199333,17841402627774708,atu_business,"ATU LeMoyne Smith School of Business",,40,"03/23/2025 17:06",https://instagram.com/stories/atu_business/3594978592392641227,"IG story",,Lifetime,278,233,3,0,0,238,,,,
17939983625987549,17841402627774708,atu_business,"ATU LeMoyne Smith School of Business",,0,"03/23/2025 15:12",https://instagram.com/stories/atu_business/3594920800000513947,"IG story",,Lifetime,1399,1124,4,0,0,323,,5,,
17963213078755524,17841402627774708,atu_business,"ATU LeMoyne Smith School of Business","The Arkansas State Flag was a paid actor",0,"03/23/2025 14:29",https://instagram.com/stories/atu_business/3594898920339855080,"IG story",,Lifetime,1562,1273,5,4,0,307,,,,
18039909797604819,17841402627774708,atu_business,"ATU LeMoyne Smith School of Business",,60,"03/23/2025 13:39",https://instagram.com/stories/atu_business/3594888474593507751,"IG story",,Lifetime,310,250,5,0,0,299,,,,
17885274237236169,17841402627774708,atu_business,"ATU LeMoyne Smith School of Business","🤝Traveling in Style🤝",0,"03/23/2025 11:53",https://instagram.com/stories/atu_business/3594820398967614041,"IG story",,Lifetime,342,271,3,0,0,352,2,,,
17953967174793935,17841402627774708,atu_business,"ATU LeMoyne Smith School of Business",,50,"03/23/2025 11:24",https://instagram.com/stories/atu_business/3594806414629544763,"IG story",,Lifetime,472,384,1,7,0,334,,8,,
18075084748772420,17841402627774708,atu_business,"ATU LeMoyne Smith School of Business",,0,"03/23/2025 10:55",https://instagram.com/stories/atu_business/3594791435316318482,"IG story",,Lifetime,349,287,3,0,0,357,,,,
18504255367048068,17841402627774708,atu_business,"ATU LeMoyne Smith School of Business","Camera Man:",47,"03/23/2025 06:10",https://instagram.com/stories/atu_business/3594647847471975668,"IG story",,Lifetime,487,381,5,0,0,356,1,51,,
18010139258706528,17841402627774708,atu_business,"ATU LeMoyne Smith School of Business","Wall Street Here We Come! ATU takes over the Big Apple?",0,"03/22/2025 18:29",https://instagram.com/stories/atu_business/3594294920244914774,"IG story",,Lifetime,752,617,2,0,0,367,,,,
18054148930949854,17841402627774708,atu_business,"ATU LeMoyne Smith School of Business","@atuorientation @atuagriculture_tourism @arkansastechjerry @arkansastech",0,"03/22/2025 15:18",https://instagram.com/stories/atu_business/3594199012166533128,"IG story",,Lifetime,431,355,8,0,1,368,4,,,
18056732531136858,17841402627774708,atu_business,"ATU LeMoyne Smith School of Business",,43,"03/22/2025 10:21",https://instagram.com/stories/atu_business/3594049680130234634,"IG story",,Lifetime,415,322,10,2,0,408,5,,,
17959243568879328,17841402627774708,atu_business,"ATU LeMoyne Smith School of Business","THERE’S STILL TIME TO VOTE! GO TO @ATUORIENTATION’S STORIES AND VOTE FOR US! 💪🏼",0,"03/22/2025 05:15",,"IG story",,Lifetime,299,234,3,4,0,370,2,71,,
18302628151214623,17841402627774708,atu_business,"ATU LeMoyne Smith School of Business",,15,"03/21/2025 14:20",,"IG story",,Lifetime,224,199,2,0,0,236,3,,,
18025649441419933,17841402627774708,atu_business,"ATU LeMoyne Smith School of Business",,5,"03/21/2025 07:47",,"IG story",,Lifetime,185,165,2,0,0,198,2,,,
18061149197508407,17841402627774708,atu_business,"ATU LeMoyne Smith School of Business",,1,"03/20/2025 13:08",,"IG story",,Lifetime,161,147,2,0,0,113,,,,
18049536872256480,17841402627774708,atu_business,"ATU LeMoyne Smith School of Business","Go to @atuorientation’s story and vote for the COBED! @atuagriculture_tourism",0,"03/20/2025 10:37",,"IG story",,Lifetime,185,163,1,0,0,204,2,5,,
18069579940709667,17841402627774708,atu_business,"ATU LeMoyne Smith School of Business",,15,"03/20/2025 09:18",,"IG story",,Lifetime,190,171,1,0,0,215,,,,
17855149692355293,17841402627774708,atu_business,"ATU LeMoyne Smith School of Business","Jumbo Jerry has been claimed!",0,"03/20/2025 07:22",,"IG story",,Lifetime,203,185,2,1,0,254,1,,,
18090316921566188,17841402627774708,atu_business,"ATU LeMoyne Smith School of Business",,5,"03/20/2025 07:22",,"IG story",,Lifetime,208,186,2,0,0,270,1,4,,
17996037332780164,17841402627774708,atu_business,"ATU LeMoyne Smith School of Business","Congratulations to @gabe_berge8 for winning Jumbo Jerry!!",11,"03/20/2025 07:07",,"IG story",,Lifetime,300,264,3,0,0,250,3,32,,
17951523548942071,17841402627774708,atu_business,"ATU LeMoyne Smith School of Business","EastCon Check-In!",0,"03/19/2025 08:28",,"IG story",,Lifetime,333,295,7,0,0,351,8,,,1
17891024733207491,17841402627774708,atu_business,"ATU LeMoyne Smith School of Business",,0,"03/18/2025 13:26",,"IG story",,Lifetime,188,178,0,0,0,205,,2,,
18052550165191187,17841402627774708,atu_business,"ATU LeMoyne Smith School of Business",,5,"03/18/2025 07:21",,"IG story",,Lifetime,152,140,0,0,0,165,,,5,
18036693872244942,17841402627774708,atu_business,"ATU LeMoyne Smith School of Business",,0,"03/18/2025 07:17",,"IG story",,Lifetime,152,143,1,0,0,161,,,,
18043458146381840,17841402627774708,atu_business,"ATU LeMoyne Smith School of Business","Who’s Who 2025 👏 We are SO PROUD to see so many COBED students! Congratulations! @atuagriculture_tourism @arkansastech",0,"03/17/2025 15:21",,"IG story",,Lifetime,382,347,10,0,1,346,2,,,
18047862926063776,17841402627774708,atu_business,"ATU LeMoyne Smith School of Business",,15,"03/17/2025 14:59",,"IG story",,Lifetime,276,257,2,0,0,283,1,,,
18075087061757712,17841402627774708,atu_business,"ATU LeMoyne Smith School of Business","Bank OZK trip group 🏦",0,"03/14/2025 11:47",https://instagram.com/stories/atu_business/3588294369948020286,"IG story",,Lifetime,216,201,4,0,0,226,2,,,
17924513610045916,17841402627774708,atu_business,"ATU LeMoyne Smith School of Business","Some  Of The  From  Bank OZK Art work  Pc: @xiomara_vigil_8",0,"03/14/2025 11:12",https://instagram.com/stories/atu_business/3588276640180272810,"IG story",,Lifetime,172,159,3,0,0,177,,13,,
18145890490370619,17841402627774708,atu_business,"ATU LeMoyne Smith School of Business","Everyone’s favorite chickens photos 🐓🐔🐤",5,"03/14/2025 10:22",https://instagram.com/stories/atu_business/3588251607273116398,"IG story",,Lifetime,163,144,3,0,0,163,,,,
18379300936138935,17841402627774708,atu_business,"ATU LeMoyne Smith School of Business",,18,"03/14/2025 10:20",https://instagram.com/stories/atu_business/3588251009593157622,"IG story",,Lifetime,165,145,1,0,0,159,,,,
17843164761443919,17841402627774708,atu_business,"ATU LeMoyne Smith School of Business",,20,"03/14/2025 10:19",https://instagram.com/stories/atu_business/3588250260808603108,"IG story",,Lifetime,162,140,1,0,0,155,,,,
17899854297157751,17841402627774708,atu_business,"ATU LeMoyne Smith School of Business","Lunch time",10,"03/14/2025 10:07",https://instagram.com/stories/atu_business/3588244280620314526,"IG story",,Lifetime,165,145,2,0,0,148,,,,
17899439325158316,17841402627774708,atu_business,"ATU LeMoyne Smith School of Business",,18,"03/14/2025 10:05",https://instagram.com/stories/atu_business/3588243058131550370,"IG story",,Lifetime,182,156,3,1,0,163,,,,
18056942242840349,17841402627774708,atu_business,"ATU LeMoyne Smith School of Business",,0,"02/03/2025 07:16",,"IG story",,Lifetime,207,201,2,0,0,220,1,
17894416197188378,17841402627774708,atu_business,"ATU LeMoyne Smith School of Business",,0,"03/13/2025 11:11",,"IG story",,Lifetime,1550,1309,2,0,0,288,,34
18035350988267716,17841402627774708,atu_business,"ATU LeMoyne Smith School of Business","we ♥️ our faculty",0,"03/13/2025 10:56",,"IG story",,Lifetime,372,323,4,0,1,254,,
17871809001312039,17841402627774708,atu_business,"ATU LeMoyne Smith School of Business",,0,"03/13/2025 07:57",,"IG story",,Lifetime,214,201,0,0,0,243,,1
18023622866437956,17841402627774708,atu_business,"ATU LeMoyne Smith School of Business",,0,"03/13/2025 06:46",,"IG story",,Lifetime,209,199,4,0,0,262,1,
17976339356692563,17841402627774708,atu_business,"ATU LeMoyne Smith School of Business",,7,"03/13/2025 06:45",,"IG story",,Lifetime,214,205,1,0,0,240,,
17876843391274511,17841402627774708,atu_business,"ATU LeMoyne Smith School of Business","ROCKS! FBLA",5,"03/12/2025 16:12",,"IG story",,Lifetime,287,241,4,0,0,220,1,5
17994246185621797,17841402627774708,atu_business,"ATU LeMoyne Smith School of Business","Distinguished Speaker Ms. Arden Johnson! #CollegetoCareerConference",0,"03/12/2025 09:17",https://instagram.com/stories/atu_business/3586769608469694966,"IG story",,Lifetime,194,185,0,0,0,212,,
18103656091499388,17841402627774708,atu_business,"ATU LeMoyne Smith School of Business","Getting ready for the distinguished speaker! #CollegetoCareerConference",0,"03/12/2025 08:52",https://instagram.com/stories/atu_business/3586756787715463561,"IG story",,Lifetime,192,184,6,0,0,206,,
17901407169109631,17841402627774708,atu_business,"ATU LeMoyne Smith School of Business",,0,"03/12/2025 08:25",https://instagram.com/stories/atu_business/3586743225970335886,"IG story",,Lifetime,198,189,2,0,0,219,,
17848014849395924,17841402627774708,atu_business,"ATU LeMoyne Smith School of Business","Session 5 Inside the Hiring Mind: What Employers Really Want #CollegetoCareerConference",5,"03/12/2025 07:30",https://instagram.com/stories/atu_business/3586715396897622505,"IG story",,Lifetime,199,189,1,0,0,212,,
18049570739267392,17841402627774708,atu_business,"ATU LeMoyne Smith School of Business","Session 4 Destination Marketing: How Arkansas Promotes Tourism #CollegetoCareerConference",0,"03/12/2025 07:27",https://instagram.com/stories/atu_business/3586714009061195650,"IG story",,Lifetime,202,190,1,0,0,225,,
18081711727628365,17841402627774708,atu_business,"ATU LeMoyne Smith School of Business","Session 3 Self Branding & Social Media #CollegetoCareerConference",0,"03/12/2025 07:26",https://instagram.com/stories/atu_business/3586713475495241165,"IG story",,Lifetime,203,192,0,0,0,232,,
18486719653036898,17841402627774708,atu_business,"ATU LeMoyne Smith School of Business","Session 2 Starting Your Own Business #CollegetoCareerConference",0,"03/12/2025 07:25",https://instagram.com/stories/atu_business/3586712888267544882,"IG story",,Lifetime,206,194,0,0,0,242,,
17889658038207788,17841402627774708,atu_business,"ATU LeMoyne Smith School of Business","Session 1 Stand Out & Get Hired: Secret to a Successful Job Search #CollegetoCareerConference",0,"03/12/2025 07:23",https://instagram.com/stories/atu_business/3586712105157406774,"IG story",,Lifetime,208,196,0,0,0,228,,
18059402477102430,17841402627774708,atu_business,"ATU LeMoyne Smith School of Business",,0,"03/12/2025 07:21",https://instagram.com/stories/atu_business/3586711085622873631,"IG story",,Lifetime,211,200,1,0,0,226,,2
18219255397294815,17841402627774708,atu_business,"ATU LeMoyne Smith School of Business",,15,"03/12/2025 05:10",https://instagram.com/stories/atu_business/3586645033283421140,"IG story",,Lifetime,345,303,0,0,0,242,4,
18002325959740215,17841402627774708,atu_business,"ATU LeMoyne Smith School of Business",,0,"03/06/2025 09:26",https://instagram.com/stories/atu_business/3582455650577075049,"IG story",,Lifetime,208,195,4,0,0,246,,3
18053890937171744,17841402627774708,atu_business,"ATU LeMoyne Smith School of Business",,0,"03/06/2025 09:24",,"IG story",,Lifetime,203,189,3,0,0,231,3,18
18052048688145745,17841402627774708,atu_business,"ATU LeMoyne Smith School of Business","career connection happening NOW in RTH 138! (free pizza hut!)",0,"03/05/2025 10:10",,"IG story",,Lifetime,264,254,2,0,0,295,1,
18069291001863221,17841402627774708,atu_business,"ATU LeMoyne Smith School of Business","@arkansastech @atuagriculture_tourism @atucampuslife @atugradcollege",0,"03/05/2025 07:41",,"IG story",,Lifetime,1502,1168,1,0,0,254,2,
18048600059193092,17841402627774708,atu_business,"ATU LeMoyne Smith School of Business",,0,"03/02/2025 10:09",,"IG story",,Lifetime,184,178,1,0,0,198,,
17998465250753893,17841402627774708,atu_business,"ATU LeMoyne Smith School of Business",,5,"03/01/2025 13:35",,"IG story",,Lifetime,177,167,1,0,0,172,2,
18092271475548219,17841402627774708,atu_business,"ATU LeMoyne Smith School of Business","@atuagriculture_tourism  @arkansastechjerry  @atuaccounting",0,"02/28/2025 12:24",https://instagram.com/stories/atu_business/3578196528516243485,"IG story",,Lifetime,433,396,8,0,0,390,1,2
18103372999492203,17841402627774708,atu_business,"ATU LeMoyne Smith School of Business","(@viralcollege on tiktok) Dr. Narcum’s Social Media Marketing class is trying to go viral by utilizing current trends 👀",5,"02/27/2025 11:25",https://instagram.com/stories/atu_business/3577441862891278211,"IG story",,Lifetime,243,223,6,0,0,245,,
17900081052134919,17841402627774708,atu_business,"ATU LeMoyne Smith School of Business",,5,"02/27/2025 11:14",https://instagram.com/stories/atu_business/3577436460435344876,"IG story",,Lifetime,247,218,1,0,0,239,1,
18041084684390783,17841402627774708,atu_business,"ATU LeMoyne Smith School of Business",,14,"02/27/2025 10:01",https://instagram.com/stories/atu_business/3577399801815546048,"IG story",,Lifetime,250,230,4,0,0,210,,11
17878880538165512,17841402627774708,atu_business,"ATU LeMoyne Smith School of Business",,0,"02/26/2025 10:35",,"IG story",,Lifetime,186,178,2,0,0,222,,
17961921086854617,17841402627774708,atu_business,"ATU LeMoyne Smith School of Business","(free chick-fil-a 👀) Tyson Career Connection happening NOW in Rothwell 138! @atuagriculture_tourism",0,"02/26/2025 10:19",,"IG story",,Lifetime,319,292,3,0,0,202,1,3
18021812018442953,17841402627774708,atu_business,"ATU LeMoyne Smith School of Business",,15,"02/25/2025 16:12",,"IG story",,Lifetime,187,177,3,0,0,181,1,
18341461408156813,17841402627774708,atu_business,"ATU LeMoyne Smith School of Business","@atuagriculture_tourism @atuaccounting @atucampuslife @arkansastech",0,"02/25/2025 08:17",,"IG story",,Lifetime,387,323,1,0,0,190,,
18076956847660759,17841402627774708,atu_business,"ATU LeMoyne Smith School of Business",,0,"02/24/2025 13:44",,"IG story",,Lifetime,145,140,1,0,0,173,,
18360132064133970,17841402627774708,atu_business,"ATU LeMoyne Smith School of Business",,15,"02/24/2025 13:43",,"IG story",,Lifetime,159,151,1,0,0,183,1,
18025396658376298,17841402627774708,atu_business,"ATU LeMoyne Smith School of Business",,0,"02/24/2025 08:44",,"IG story",,Lifetime,211,206,2,0,0,222,,
18494809924004170,17841402627774708,atu_business,"ATU LeMoyne Smith School of Business",,0,"02/20/2025 10:19",,"IG story",,Lifetime,190,177,0,0,0,194,,
18080476987720296,17841402627774708,atu_business,"ATU LeMoyne Smith School of Business",,0,"02/19/2025 18:06",https://instagram.com/stories/atu_business/3571845608953324872,"IG story",,Lifetime,206,184,5,0,0,261,1,
18044502617067571,17841402627774708,atu_business,"ATU LeMoyne Smith School of Business","NCSAC was a success! @landon_lawson_  @mekkybliss_  @ysmnpcco  @hxrper.4",5,"02/19/2025 17:21",https://instagram.com/stories/atu_business/3571822997225559729,"IG story",,Lifetime,357,306,3,0,0,237,1,64
18059164334302436,17841402627774708,atu_business,"ATU LeMoyne Smith School of Business",,8,"02/19/2025 10:24",,"IG story",,Lifetime,211,194,3,0,0,191,2,
17857380105370874,17841402627774708,atu_business,"ATU LeMoyne Smith School of Business",@atuagriculture_tourism,0,"02/19/2025 07:09",,"IG story",,Lifetime,221,201,1,0,0,228,,
18060808300792647,17841402627774708,atu_business,"ATU LeMoyne Smith School of Business","@landon_lawson_ @ysmnpcco @hxrper.4 @mekkybliss_",14,"02/18/2025 14:29",,"IG story",,Lifetime,223,205,1,0,0,240,,8
17853949950390414,17841402627774708,atu_business,"ATU LeMoyne Smith School of Business","Day 1✅",18,"02/18/2025 14:25",https://instagram.com/stories/atu_business/3571009797571607988,"IG story",,Lifetime,239,214,1,0,0,267,,
18033022277264137,17841402627774708,atu_business,"ATU LeMoyne Smith School of Business","@atuagriculture_tourism 
 @atucampuslife 
@atureslife
@atusga 
@atu_sab",0,"02/18/2025 13:35",,"IG story",,Lifetime,1230,837,2,3,0,283,,
18058050383005171,17841402627774708,atu_business,"ATU LeMoyne Smith School of Business","Round 1! Done✅  @mekkybliss_  @ysmnpcco  @hxrper.4  @landon_lawson_",15,"02/18/2025 11:36",https://instagram.com/stories/atu_business/3570924367435702354,"IG story",,Lifetime,1243,1048,3,1,0,350,1,45
18489115012061699,17841402627774708,atu_business,"ATU LeMoyne Smith School of Business","@landon_lawson_  @hxrper.4  @ysmnpcco  @mekkybliss_  #fyp",5,"02/18/2025 05:36",https://instagram.com/stories/atu_business/3570743382167867792,"IG story",,Lifetime,453,366,4,0,0,345,1,205
17984487422645727,17841402627774708,atu_business,"ATU LeMoyne Smith School of Business","@mekkybliss_  @ysmnpcco  @landon_lawson_  Follow us as we take over the next few days!  @hxrper.4",15,"02/17/2025 12:54",https://instagram.com/stories/atu_business/3570239105504205702,"IG story",,Lifetime,420,346,2,0,0,328,3,147
18068874577883688,17841402627774708,atu_business,"ATU LeMoyne Smith School of Business",,5,"02/17/2025 11:39",,"IG story",,Lifetime,196,174,1,0,0,241,,4
18079656292625174,17841402627774708,atu_business,"ATU LeMoyne Smith School of Business",,15,"02/17/2025 10:21",,"IG story",,Lifetime,196,180,3,0,0,202,1,
18118869199426564,17841402627774708,atu_business,"ATU LeMoyne Smith School of Business",,5,"02/14/2025 14:05",,"IG story",,Lifetime,333,308,3,0,0,189,,22
17947971350927065,17841402627774708,atu_business,"ATU LeMoyne Smith School of Business","This is all that’s left!!! 1-3 PM TODAY
ROTHWELL LOBBY",0,"02/14/2025 09:19",,"IG story",,Lifetime,141,131,1,0,0,148,,
18109102171464018,17841402627774708,atu_business,"ATU LeMoyne Smith School of Business",,5,"02/14/2025 08:23",,"IG story",,Lifetime,137,131,1,0,0,145,,
17842479252427786,17841402627774708,atu_business,"ATU LeMoyne Smith School of Business",,4,"02/14/2025 07:02",,"IG story",,Lifetime,143,134,1,1,0,137,2,
18028578023329948,17841402627774708,atu_business,"ATU LeMoyne Smith School of Business",,0,"02/14/2025 06:41",,"IG story",,Lifetime,145,137,2,0,0,150,,
17858572965361893,17841402627774708,atu_business,"ATU LeMoyne Smith School of Business","Selling fast! Come get them while you can!",0,"02/13/2025 11:18",,"IG story",,Lifetime,151,138,1,0,0,174,,
18002858537557867,17841402627774708,atu_business,"ATU LeMoyne Smith School of Business","Rothwell lobby, 1 PM  Run!!! 🏃🏽‍♀️ @atuagriculture_tourism",5,"02/13/2025 09:58",,"IG story",,Lifetime,154,141,0,0,0,163,3,
18486042163003344,17841402627774708,atu_business,"ATU LeMoyne Smith School of Business","accounting club bake sale happening now in rothwell lobby!! @atuaccounting  @arkansastech",0,"02/13/2025 07:14",,"IG story",,Lifetime,151,138,3,0,0,156,1,3
18174264637317496,17841402627774708,atu_business,"ATU LeMoyne Smith School of Business",,0,"02/12/2025 20:37",,"IG story",,Lifetime,176,159,2,0,0,186,,
18091173025555585,17841402627774708,atu_business,"ATU LeMoyne Smith School of Business",,0,"02/12/2025 09:41",,"IG story",,Lifetime,195,181,2,0,0,224,1,23
18036414080188648,17841402627774708,atu_business,"ATU LeMoyne Smith School of Business","coming soon to a rothwell lobby near you…",5,"02/12/2025 09:15",,"IG story",,Lifetime,196,184,5,0,1,191,2,
17845298946397199,17841402627774708,atu_business,"ATU LeMoyne Smith School of Business",,15,"02/11/2025 13:58",,"IG story",,Lifetime,203,176,1,0,0,190,2,
18059903857943307,17841402627774708,atu_business,"ATU LeMoyne Smith School of Business","rescheduled due to potential winter weather!",5,"02/10/2025 15:35",,"IG story",,Lifetime,206,198,1,0,0,232,,
18055607960016624,17841402627774708,atu_business,"ATU LeMoyne Smith School of Business",,0,"02/10/2025 08:53",,"IG story",,Lifetime,211,199,2,0,0,235,,
18092283424481612,17841402627774708,atu_business,"ATU LeMoyne Smith School of Business",,0,"02/10/2025 08:53",,"IG story",,Lifetime,224,209,4,0,0,226,1,
18016023494676228,17841402627774708,atu_business,"ATU LeMoyne Smith School of Business",,0,"02/07/2025 14:44",,"IG story",,Lifetime,159,151,3,0,0,166,1,
17854233594333504,17841402627774708,atu_business,"ATU LeMoyne Smith School of Business","focus day recap <3",0,"02/07/2025 14:44",,"IG story",,Lifetime,174,160,1,0,0,175,1,
17959223678754802,17841402627774708,atu_business,"ATU LeMoyne Smith School of Business","Ending the day with the bestest boy around! #ATUFocusDay @go2atu @atuagriculture_tourism @arkansastech @arkansastechjerry @atuphimu",5,"02/06/2025 14:22",https://instagram.com/stories/atu_business/3562317581698190862,"IG story",,Lifetime,371,322,0,0,0,192,,
18075433882588883,17841402627774708,atu_business,"ATU LeMoyne Smith School of Business","It’s trivia time! #ATUFocusDay @go2atu 
@atuagriculture_tourism",6,"02/06/2025 14:03",https://instagram.com/stories/atu_business/3562308916979156057,"IG story",,Lifetime,187,175,1,0,0,207,3,
18068811133831440,17841402627774708,atu_business,"ATU LeMoyne Smith School of Business","Data Analytics using Titanic Data 📈 #ATUFocusDay @go2atu",4,"02/06/2025 12:05",https://instagram.com/stories/atu_business/3562243930307091601,"IG story",,Lifetime,343,286,1,0,0,193,,
18329857603082416,17841402627774708,atu_business,"ATU LeMoyne Smith School of Business",,0,"02/06/2025 12:05",https://instagram.com/stories/atu_business/3562241556432174279,"IG story",,Lifetime,207,186,2,0,0,223,,4
18065500339896230,17841402627774708,atu_business,"ATU LeMoyne Smith School of Business","The Digital Self with Dr. Pennington! @go2atu #ATUFocusDay",0,"02/06/2025 11:59",https://instagram.com/stories/atu_business/3562238540894956151,"IG story",,Lifetime,352,294,1,0,0,229,1,
17897594361135389,17841402627774708,atu_business,"ATU LeMoyne Smith School of Business","#ATUFocusDay Monopoly Masterclass 💚💛 @arkansastech @go2atu @atuaccounting",0,"02/06/2025 11:19",https://instagram.com/stories/atu_business/3562218820401438605,"IG story",,Lifetime,347,296,0,0,0,214,,
18004724000539572,17841402627774708,atu_business,"ATU LeMoyne Smith School of Business",,0,"02/06/2025 11:10",https://instagram.com/stories/atu_business/3562214227714080512,"IG story",,Lifetime,210,200,1,0,0,222,,
17943014429950776,17841402627774708,atu_business,"ATU LeMoyne Smith School of Business","Learning about the future of AI! #ATUFocusDay",0,"02/06/2025 11:06",https://instagram.com/stories/atu_business/3562212273629909256,"IG story",,Lifetime,211,199,1,0,0,235,,
18031898717262971,17841402627774708,atu_business,"ATU LeMoyne Smith School of Business","Monopoly Masterclass
with Mrs. Hopson @atuagriculture_tourism 
 @go2atu 
@arkansastech 
 @atuaccounting",6,"02/06/2025 11:05",https://instagram.com/stories/atu_business/3562211467090952136,"IG story",,Lifetime,416,333,2,0,0,182,,
17873967285263221,17841402627774708,atu_business,"ATU LeMoyne Smith School of Business","Leadership Lab:
Mastering High Stakes Decisions  #ATUFocusDay @go2atu @atuagriculture_tourism @arkansastech",0,"02/06/2025 09:23",https://instagram.com/stories/atu_business/3562160391565655162,"IG story",,Lifetime,375,315,2,0,0,256,1,
18050647955144662,17841402627774708,atu_business,"ATU LeMoyne Smith School of Business","on our way to the academic sessions! #ATUFocusDay",5,"02/06/2025 08:54",https://instagram.com/stories/atu_business/3562145769693423738,"IG story",,Lifetime,221,206,1,1,0,176,,
18049962035153851,17841402627774708,atu_business,"ATU LeMoyne Smith School of Business","The bestest boy has arrived!! #ATUFocusDay @atuagriculture_tourism @go2atu @arkansastechjerry",5,"02/06/2025 08:42",https://instagram.com/stories/atu_business/3562139347077727880,"IG story",,Lifetime,364,307,1,0,0,199,,
18060429776306078,17841402627774708,atu_business,"ATU LeMoyne Smith School of Business","It’s time for opening session! @go2atu @atuagriculture_tourism @arkansastech  #ATUFocusDay",0,"02/06/2025 08:38",https://instagram.com/stories/atu_business/3562137589018503151,"IG story",,Lifetime,389,330,3,0,0,233,,
18030953456279503,17841402627774708,atu_business,"ATU LeMoyne Smith School of Business","Happy Focus Day! @go2atu @atuagriculture_tourism @arkansastech",0,"02/06/2025 07:49",https://instagram.com/stories/atu_business/3562112848958270841,"IG story",,Lifetime,1695,1438,4,0,0,259,3,
17971390160699041,17841402627774708,atu_business,"ATU LeMoyne Smith School of Business",,5,"02/05/2025 11:02",,"IG story",,Lifetime,190,177,3,0,0,235,1,21
18024366170646541,17841402627774708,atu_business,"ATU LeMoyne Smith School of Business","Beau Dollar Wealth Management
Career Connection Happening NOW in RTH 138!",5,"02/05/2025 10:10",,"IG story",,Lifetime,194,182,2,0,0,153,1,
17962742120849784,17841402627774708,atu_business,"ATU LeMoyne Smith School of Business","@atuagriculture_tourism  @naturalstatecoffeeroasters  @atuaccounting  @atutechtv  @atu_xctf  new additions to the heart wall <3 @atubands",0,"02/05/2025 08:58",,"IG story",,Lifetime,1610,1380,4,0,0,204,,4
17861873004343559,17841402627774708,atu_business,"ATU LeMoyne Smith School of Business","@atuagriculture_tourism  @atuagriculture_tourism",8,"02/04/2025 12:28",,"IG story",,Lifetime,186,176,0,0,0,200,,
18297590344213844,17841402627774708,atu_business,"ATU LeMoyne Smith School of Business","@atuagriculture_tourism  BE A STUDENT FOR A DAY! REGISTER FOR OUR FOCUS DAY NOW!",5,"02/04/2025 10:27",,"IG story",,Lifetime,305,273,0,1,0,228,,
17857907310361135,17841402627774708,atu_business,"ATU LeMoyne Smith School of Business","I SPY… 👀",0,"02/04/2025 10:05",,"IG story",,Lifetime,348,313,1,0,0,249,4,2
17969463311752138,17841402627774708,atu_business,"ATU LeMoyne Smith School of Business","from our ffa friends! @greenbrier_ffa  @arkansasffa  @atuagriculture_tourism",0,"02/03/2025 09:18",,"IG story",,Lifetime,194,189,2,1,0,214,4,
18328613377090213,17841402627774708,atu_business,"ATU LeMoyne Smith School of Business","the heart wall is coming along <3 stop by the rothwell lobby and put your hearts in the valentine box!",0,"02/03/2025 09:17",,"IG story",,Lifetime,198,194,2,0,0,210,2,
18045646979340000,17841402627774708,atu_business,"ATU LeMoyne Smith School of Business",,0,"02/03/2025 07:47",,"IG story",,Lifetime,199,188,1,0,0,211,3,
